burst_mb,cpu_c,cpu_pct,gpu_c,mbps,t,tj_c
4,57.468,100.0,56.562,278.0937913070106,0.015094591999968543,57.468
4,57.218,100.0,56.5,183.01089926899155,0.04112591600005544,57.406
4,57.25,100.0,56.75,225.85090322581246,0.061113751999982924,57.25
4,57.281,100.0,56.343,214.8219803416922,0.08181729099987933,57.281
4,57.25,100.0,56.531,208.0676268997685,0.10784173499996541,57.25
4,57.187,100.0,56.812,195.1395625942777,0.13047522300030323,57.468
4,57.25,100.0,56.625,172.33612377891808,0.15988582299996779,57.25
4,57.281,100.0,56.375,236.51450480873172,0.1787701680000282,57.093
4,57.093,100.0,56.468,130.48183473821368,0.21219708700027695,57.093
4,57.281,100.0,56.312,181.59299983296026,0.23675742000023092,57.281
4,57.5,100.0,56.531,282.10958281986035,0.2527742180000132,57.187
4,57.187,100.0,56.437,299.9655071778969,0.2735791360000803,57.187
4,57.187,100.0,56.468,296.3893853085713,0.28885443800027133,57.187
4,57.375,91.7,56.625,249.07136487933627,0.3068923240002732,57.375
4,57.437,100.0,56.281,315.34282776609564,0.3213473440000598,57.437
4,57.406,100.0,56.281,306.777993012902,0.3361259900002551,57.406
4,57.218,100.0,56.437,235.84548865140957,0.3550704970002698,57.218
4,57.312,100.0,56.437,286.63553769500317,0.37091698499989434,57.312
4,57.468,100.0,56.25,176.1058405893938,0.39590398800010007,57.468
4,57.281,100.0,56.25,295.51197473126103,0.411385983999935,57.281
4,57.406,100.0,56.468,306.7356355024965,0.42631234700002096,57.25
4,57.25,100.0,56.312,312.65436842407365,0.4449893890000567,57.25
4,57.125,100.0,56.687,311.3420117242465,0.4597028500002125,57.125
4,57.187,100.0,56.531,315.2798702898918,0.4741747339999165,57.187
4,57.25,100.0,56.281,175.58516611234649,0.5003713430000971,57.25
4,57.25,100.0,56.781,261.67929028749916,0.5176236360002804,57.25
4,57.468,100.0,56.562,190.95770183412785,0.5407450440002322,57.468
4,57.187,100.0,56.312,219.68430918587399,0.5609895600000527,57.187
4,57.062,100.0,56.218,301.5687845848673,0.5760437670001011,57.062
4,57.25,100.0,56.312,233.17529263513558,0.5951583270002629,57.25
4,57.187,100.0,56.531,210.23427894479184,0.6163714180001989,57.187
4,57.218,100.0,56.281,230.9728052291671,0.6357557149999593,57.218
4,57.468,100.0,56.312,183.4057866316757,0.6598132799999803,57.468
4,57.25,100.0,56.375,275.5650513683124,0.6763094210000418,57.25
4,57.468,100.0,56.375,133.19075694027532,0.7119092729999466,57.468
4,57.437,100.0,56.437,283.4898080483948,0.7279828089999683,57.437
4,57.25,100.0,56.437,202.6535936717292,0.7522660770000584,57.25
4,57.718,100.0,56.562,177.42630869764525,0.7887244530002135,57.25
4,57.437,100.0,56.343,204.30315826161737,0.8158912690000761,57.437
4,57.25,100.0,56.5,157.00450233985921,0.843840191000254,57.25
4,57.406,100.0,56.281,170.6987977143476,0.8718812750003053,57.406
4,57.062,100.0,56.875,150.48765913067703,0.9069092690001526,57.062
4,57.593,100.0,56.406,151.20030425367113,0.9359251360001508,57.593
4,57.562,100.0,56.343,194.5983524084175,0.9598930990000554,57.562
4,57.437,100.0,56.218,285.4519549533968,0.975825413000166,57.437
4,57.218,100.0,56.718,185.23132364266934,0.9996073219999744,57.312
4,57.312,100.0,56.406,236.24934429519874,1.0185319239999444,57.312
4,57.25,100.0,56.562,222.0186639917309,1.0386820690000604,57.25
4,57.25,100.0,56.531,203.66789292384695,1.060570061999897,57.25
4,57.562,100.0,56.812,220.9203229622751,1.0812263030002214,57.562
4,57.25,100.0,56.437,255.3594349702404,1.0991501690000405,57.25
4,57.187,100.0,56.406,313.2641234544006,1.114000113000202,57.343
4,57.468,92.9,56.906,258.3136604660895,1.1358382799999163,57.25
4,57.156,88.9,56.406,298.38937617480144,1.1535358350001843,57.156
4,57.156,100.0,56.531,178.62128078816093,1.1782332610000594,57.343
4,57.562,100.0,56.531,254.88072762613848,1.1959302720001688,57.562
4,57.687,100.0,56.437,304.94791940901615,1.2109412130002966,57.687
4,57.25,100.0,56.718,217.68557219514193,1.2314145049999752,57.25
4,57.218,100.0,56.687,297.43191755848295,1.246705583000221,57.218
4,57.406,100.0,56.312,235.14437064965935,1.2657729739999013,57.406
4,57.25,100.0,56.25,247.51495353240972,1.2838731980000375,57.25
4,57.25,100.0,56.781,304.90036936364254,1.298879690999911,57.25
4,57.25,100.0,56.281,248.30411817639705,1.316975819000163,57.312
4,57.312,100.0,56.562,235.70552948507319,1.3359409340000639,57.312
4,57.343,100.0,56.281,305.67547343127484,1.3508833609998874,57.343
4,57.625,100.0,56.375,265.70028202794254,1.3678595820001647,57.625
4,57.593,100.0,56.312,282.492651946029,1.3839108440001837,57.593
4,57.25,100.0,56.562,234.09693410851636,1.4030938860000788,57.25
4,57.25,87.5,56.281,313.0292060311939,1.4176909910001996,57.25
4,57.156,100.0,56.406,245.5332030861889,1.435846352000226,57.156
4,57.187,83.3,56.437,302.1179425013996,1.4508759509999436,57.187
4,57.406,100.0,56.625,227.76975699820292,1.4704168279999976,57.406
4,57.062,100.0,56.375,222.5014694428456,1.4903953520001778,57.062
4,57.187,100.0,56.187,304.5992312309123,1.5054045649999352,57.187
4,57.187,100.0,56.375,308.4994333594636,1.5200866959999075,57.187
4,57.312,100.0,56.656,235.31535779356426,1.5391332859999238,57.312
4,57.25,100.0,56.562,270.49839361127306,1.5558262009999453,57.25
4,57.125,100.0,56.187,194.71717755043377,1.5809335280000596,57.125
4,57.156,100.0,56.281,160.26077589730986,1.6095798470000773,57.156
4,57.187,100.0,56.312,305.4083579611172,1.6244581450000624,57.187
4,57.093,100.0,56.312,304.3318727109175,1.641216278000229,57.437
4,57.406,100.0,56.281,298.7021995377902,1.6565097880002213,57.406
4,57.0,100.0,56.875,180.52276447145152,1.6809442620001391,57.0
4,57.218,100.0,56.312,216.35174655448068,1.7014891070002705,57.218
4,56.968,100.0,56.281,198.23440488288657,1.7238339780001297,57.156
4,57.468,100.0,56.281,232.45076795987887,1.7454267289999734,57.468
4,57.437,100.0,56.75,231.56124345069077,1.7647915050001757,57.437
4,57.468,100.0,56.625,191.72923394577674,1.787873263000165,57.468
4,57.125,100.0,56.312,234.59010224992934,1.8069608139999218,57.125
4,57.187,100.0,56.468,169.05979377783416,1.8329861219999657,57.187
4,57.218,100.0,56.687,163.63617707803803,1.859859009000047,57.218
4,57.468,100.0,56.312,200.34243941554504,1.8819380160002765,57.468
4,57.343,100.0,56.218,202.55524675379127,1.9038460090000626,57.343
4,56.937,100.0,56.781,192.58905461919468,1.9267975230000047,56.937
4,57.0,100.0,56.343,150.451902302479,1.9558480470000177,57.0
4,57.156,100.0,56.343,191.80695210775167,1.9789752470001076,56.937
4,56.968,100.0,56.468,186.40015657698567,2.005821445000038,57.0
4,57.312,100.0,56.312,171.92515657374875,2.039855231000274,57.312
4,57.187,100.0,56.312,188.98462594948458,2.0632369670001935,57.187
4,57.062,100.0,56.843,191.23464705641578,2.086274499999945,57.062
4,57.187,100.0,56.656,205.77509058591633,2.107834450000155,57.187
4,57.125,100.0,56.562,178.11638293083928,2.1326778000002378,57.125
4,57.406,100.0,56.843,232.8707883470333,2.15186708300007,57.406
4,57.062,100.0,56.656,178.11614088778472,2.1765844130000005,57.062
4,56.937,100.0,56.375,161.19699889509033,2.2038442240000222,56.937
4,57.156,100.0,56.843,222.85595723030718,2.2238834540003154,57.156
4,57.125,100.0,56.687,187.8327671526063,2.2499469710000994,57.125
4,57.125,100.0,56.593,170.0273965881218,2.2758920840001338,57.125
4,57.406,100.0,56.437,192.10889082017505,2.298917201000222,57.406
4,57.125,100.0,56.406,190.04261557540158,2.3224243160002516,57.125
4,57.093,94.1,56.625,164.59521557244486,2.3490969409999707,57.093
4,57.25,100.0,56.281,235.99836106992348,2.3681081700001414,57.25
4,57.125,100.0,56.437,158.33999232861365,2.3958609890000844,57.125
4,57.156,100.0,56.562,173.25762102920032,2.4214407459999165,57.25
4,57.25,100.0,56.875,145.27451307943087,2.4582036440001502,57.125
4,57.187,100.0,56.343,163.7085279840312,2.488532768999903,57.187
4,57.062,100.0,56.562,296.2433500186977,2.503896425000221,57.062
4,57.25,100.0,56.218,233.58045363988927,2.525633117000325,57.25
4,57.593,100.0,56.656,147.49476807886225,2.5598835179998787,57.593
4,57.5,100.0,56.531,283.74633562948816,2.5758574350002164,57.5
4,57.156,100.0,56.25,187.24724402543708,2.5995126830002846,57.312
4,57.156,100.0,56.375,206.57259052691012,2.623895794999953,57.156
4,57.187,100.0,56.406,316.34902066418994,2.6383436139999503,57.187
4,57.218,100.0,56.5,222.03370781916516,2.6584627820002424,57.218
4,57.437,100.0,56.218,233.02936890924906,2.6776368959999672,57.437
4,57.218,100.0,56.343,218.00963830242932,2.698332338,57.218
4,57.437,100.0,56.656,227.87193308705102,2.7182604280001215,57.437
4,57.093,100.0,56.531,183.6913683139836,2.74230135300013,57.093
4,57.25,100.0,56.218,236.15910384663906,2.7612581160001355,57.25
4,57.093,100.0,56.656,195.9842952927607,2.7838772360000803,57.093
4,57.031,100.0,56.562,305.60919074833004,2.7993998090000787,57.031
4,57.25,91.7,56.218,228.7396730314133,2.8208057380002174,57.25
4,57.625,100.0,56.187,287.0995349291081,2.8366099849999955,57.625
4,57.531,81.8,56.75,286.22865664101147,2.852403448000132,57.531
4,57.218,100.0,56.343,263.5249696700273,2.8694047879998834,57.218
4,57.187,90.9,56.25,303.9416138129939,2.8844252660001075,57.187
4,57.093,100.0,56.218,299.4843444731993,2.90095311999994,57.093
4,57.375,100.0,56.375,203.36421685457486,2.922919098999955,57.375
4,57.25,100.0,56.343,302.9006448084849,2.938370918000146,57.25
4,57.281,90.9,56.218,336.8374254079849,2.9519956720000664,57.281
4,57.25,87.5,56.5,338.27621162018215,2.965577160000066,57.656
4,57.25,100.0,56.468,332.3305243178968,2.979239289999896,57.531
4,57.5,90.0,56.343,241.41767404756268,2.997679077000157,57.5
4,57.312,100.0,56.25,314.91322119035226,3.0121215520002806,57.312
4,57.437,100.0,56.281,193.98287820615283,3.034936934000143,57.437
4,57.062,91.7,56.5,233.8534345948837,3.0557851809999192,57.062
4,57.125,100.0,56.406,299.20473236491995,3.070972928000174,57.125
4,57.312,100.0,56.718,219.18760037766683,3.091299878999962,57.312
4,57.343,100.0,56.25,233.06251735052152,3.1104304390000834,57.687
4,57.312,100.0,56.406,208.5198080721958,3.1317784140001095,57.312
4,57.312,100.0,56.468,279.74803691969106,3.1479167840002447,57.312
4,57.218,100.0,56.781,258.4827852109803,3.165381787000115,57.468
4,57.437,100.0,56.218,241.99357326941674,3.183889639999961,57.437
4,57.281,100.0,56.5,327.92291915643915,3.197887332999926,57.281
4,57.25,100.0,56.187,236.45862296614658,3.2168055669999376,57.25
4,57.437,100.0,56.75,309.3878312090085,3.231533172000127,57.437
4,57.312,100.0,56.687,248.80563857115294,3.250613139000052,57.312
4,57.343,100.0,56.718,65.59193044369256,3.3157471150002493,57.343
4,57.375,100.0,56.437,77.01414482457405,3.3715311609998935,57.375
4,57.531,100.0,56.75,244.74185952312465,3.3900261170001613,57.531
4,57.531,100.0,56.656,176.92741785377692,3.4149415340002633,57.531
4,57.437,100.0,56.5,317.11288211710547,3.4293617690000247,57.437
4,57.468,100.0,56.5,250.8388798199289,3.4478491089998897,57.468
4,57.25,100.0,56.343,294.39222064083475,3.4632452460000422,57.25
4,57.125,100.0,56.375,316.33909515163566,3.4776303120002012,57.125
4,57.437,100.0,56.312,315.9608634654469,3.4920566270002382,57.437
4,57.25,100.0,56.187,239.56176967037257,3.5106817310002043,57.25
4,57.218,100.0,56.281,296.9352962297814,3.525974986000165,57.218
4,57.125,100.0,56.187,322.0743463261271,3.540152012999897,57.125
4,57.312,100.0,56.281,226.204050174107,3.5598682879999615,57.312
4,57.437,100.0,56.218,302.33467046250814,3.5749129910000192,57.437
4,57.5,100.0,56.406,315.2821454104413,3.5893787630002407,57.5
4,57.375,100.0,56.343,302.7872673701145,3.604417929000192,57.375
4,57.343,100.0,56.343,295.35480145405523,3.6197263200001544,57.343
4,57.25,100.0,56.343,296.1610174506069,3.635070679999899,57.25
4,57.531,90.0,56.562,249.75432779501295,3.652941680999902,57.531
4,57.25,100.0,56.562,305.29240692721254,3.669898699999976,57.25
4,57.093,83.3,56.437,308.0339553095866,3.684889769000165,57.093
4,57.187,100.0,56.718,308.9233564021193,3.6997169599999324,57.187
4,57.031,100.0,56.656,313.1510862478866,3.7141827969999213,57.031
4,57.125,100.0,56.218,111.27850611942054,3.753958109999985,57.125
4,57.156,92.9,56.375,217.34732975306625,3.7774424409999483,57.156
4,57.437,91.7,56.562,243.57748861370405,3.7958477299998776,57.437
4,57.468,100.0,56.25,326.03857407811614,3.8098671520001517,57.468
4,57.312,91.7,56.406,261.8146698711925,3.826899758000309,57.312
4,57.187,100.0,56.218,251.75673730515885,3.8449134510001386,57.187
4,57.312,100.0,56.312,208.43225776648143,3.8677710100000695,57.312
4,57.25,100.0,56.25,317.3563003793089,3.882171243999892,57.25
4,57.25,100.0,56.281,238.90762082003016,3.9009375690002344,57.25
4,57.125,100.0,56.156,204.55313792424647,3.9227103250000255,57.125
4,57.312,100.0,56.593,200.30937293012738,3.944811540000046,57.437
4,57.281,100.0,56.281,246.91345233896368,3.9725689669999156,57.125
4,57.312,100.0,56.218,190.06989841880582,3.9959007820002626,57.312
4,57.156,100.0,56.312,205.80967331609466,4.017475579999882,57.156
4,57.125,100.0,56.281,266.62672853005955,4.034400693999942,57.25
4,57.125,100.0,56.218,333.5780773791077,4.048164108000037,57.25
4,57.25,100.0,56.437,252.1301317980146,4.068228458000249,57.25
4,57.468,100.0,56.312,264.7727967163221,4.085177380999994,57.468
4,57.218,100.0,56.625,234.7964371766453,4.104228867000074,57.218
4,57.156,100.0,56.343,272.4030920285836,4.120769521000057,57.156
4,57.312,100.0,56.406,217.69786504993502,4.1438581920001525,57.312
4,57.156,100.0,56.218,234.31413001991814,4.162909518000106,57.156
4,57.281,100.0,56.656,322.0917583156222,4.177103889000136,57.281
4,57.343,100.0,56.281,196.29248436748392,4.199687584000003,57.343
4,57.593,100.0,56.437,218.4030665044446,4.2201323300000695,57.593
4,57.218,100.0,56.406,212.31817840296515,4.241068228000131,57.218
4,57.25,100.0,56.687,202.85432198229813,4.2628906499999175,57.25
4,57.218,100.0,56.562,289.83007196765567,4.27853882799991,57.218
4,57.125,100.0,56.5,338.3329958775961,4.292136188000313,57.125
4,57.312,100.0,56.375,241.41012896066306,4.3106530009999915,57.312
4,57.218,100.0,56.656,261.8680401854842,4.327848140000242,57.218
4,57.25,100.0,56.562,312.69760716642605,4.342446461000236,57.25
4,57.375,100.0,56.281,204.93213519577236,4.364270675000171,57.375
4,57.5,100.0,56.468,315.5751534721693,4.378697726000155,57.25
4,57.218,100.0,56.25,330.7396518519218,4.396056518000023,57.218
4,57.406,100.0,56.281,240.25250690295104,4.414744056000018,57.406
4,57.312,100.0,56.25,250.59956709244221,4.432746997000322,57.312
4,57.312,100.0,56.375,192.20327161799665,4.45581419500013,57.312
4,57.625,100.0,56.75,206.12784376752077,4.4785962949999885,57.625
4,57.531,100.0,56.625,315.7157779430906,4.493127669999922,57.531
4,57.25,100.0,56.531,254.7975032151261,4.510786919000111,57.25
4,57.25,100.0,56.218,228.97703435269705,4.5302726270001585,57.25
4,57.468,100.0,56.25,287.44584567783113,4.54604263300007,57.468
4,57.343,100.0,56.312,139.6534421698256,4.582766361000267,57.343
4,57.593,100.0,56.5,265.2078300338589,4.599850424000124,57.593
4,57.312,100.0,56.562,301.81254295538145,4.614931864000027,57.312
4,57.406,100.0,56.218,237.47269460452932,4.633764622999934,57.531
4,57.531,91.7,56.562,314.6848907642969,4.652868877999936,57.531
4,57.343,100.0,56.5,165.35335133554025,4.679298903000017,57.343
4,57.5,100.0,56.187,206.81020936923434,4.70389421300024,57.5
4,57.343,100.0,56.312,261.51482801338534,4.721156810000139,57.343
4,57.593,100.0,56.25,253.95770512064703,4.739775163000104,57.593
4,57.5,100.0,56.281,288.1434935767572,4.7555053270002645,57.5
4,57.406,100.0,56.312,172.15978997420126,4.781023419000121,57.406
4,57.218,100.0,56.343,177.04548375632302,4.805844336000064,57.218
4,57.343,100.0,56.562,250.00922415926894,4.82383322800024,57.343
4,57.156,100.0,56.187,236.38527398346721,4.842717092999919,57.156
4,57.281,100.0,56.375,236.47739397320373,4.862906791000114,57.281
4,57.468,100.0,56.593,211.8090061602725,4.88382803200011,57.468
4,57.468,100.0,56.281,325.2941201030738,4.897910976000276,57.468
4,57.531,100.0,56.437,236.74135651536247,4.916783545000271,57.531
4,57.5,100.0,56.375,336.43193510860647,4.930239877000076,57.5
4,57.281,100.0,56.687,226.19741385694272,4.950082939999902,57.281
4,57.437,100.0,56.562,278.5559785548694,4.96641721900005,57.437
4,57.343,100.0,56.437,205.74666572691476,4.990101749000132,57.343
4,57.25,100.0,56.25,203.60842345734574,5.01192215500032,57.25
4,57.312,100.0,56.687,305.00679562699526,5.026857381999889,57.312
4,57.343,100.0,56.562,311.37827683563637,5.041619067000283,57.593
4,57.5,100.0,56.562,313.81391166139565,5.056128617000013,57.5
4,57.281,100.0,56.25,212.18652585691902,5.077103460000217,57.281
4,57.218,100.0,56.25,305.9458907491388,5.091906043000108,57.218
4,57.531,100.0,56.593,176.8753692529109,5.117602860000261,57.531
4,57.406,100.0,56.468,325.32076365323337,5.131747918000201,57.406
4,57.718,100.0,56.437,287.0838142562642,5.147504387000026,57.718
4,57.281,100.0,56.187,218.38523581126324,5.167865131000326,57.281
4,57.375,100.0,56.687,309.5179006673915,5.18256422200011,57.375
16,57.562,99.9,56.687,640.0858513205163,0.0065657770001052995,57.562
16,57.406,100.0,56.625,495.729225242524,0.017054013999768358,57.406
16,57.656,100.0,56.562,843.4874976183482,0.02326048399982028,57.656
16,57.562,100.0,56.312,128.78979650926354,0.05933718300002511,57.562
16,57.5,100.0,56.437,837.1570180679307,0.06548864299975321,57.5
16,57.968,100.0,56.718,819.5479877493011,0.07595591900008003,57.968
16,57.5,100.0,56.625,779.8407373423962,0.08245158199997604,57.5
16,57.531,100.0,56.281,117.70776559796498,0.11914833299988459,57.531
16,57.718,100.0,56.437,771.863510388307,0.12575699099988924,57.718
16,57.375,100.0,56.25,859.4159673144404,0.13570777199993245,57.375
16,57.625,100.0,56.843,767.8210729405213,0.14229524499978652,57.625
16,57.687,100.0,56.562,140.2638072670266,0.17329744700009542,57.406
16,57.406,100.0,56.562,695.0398235518733,0.1805292929998359,57.375
16,57.5,100.0,56.562,795.3868630123683,0.18691586399972948,57.5
16,57.656,100.0,56.5,751.0318329057849,0.19640982999999324,57.656
16,57.75,100.0,56.437,124.29205116210788,0.23119653599997037,57.75
16,57.531,100.0,56.281,839.5057083183759,0.23734025199973985,57.531
16,57.656,100.0,56.5,793.9607326814929,0.24380682499986506,57.656
16,57.375,100.0,56.312,773.3390318215577,0.25211745800015706,57.375
16,57.437,100.0,56.156,110.0080071310401,0.2913401129999329,57.437
16,57.531,100.0,56.375,778.6731064639085,0.29790611399994305,57.531
16,57.531,100.0,56.312,880.2523794977536,0.3038736319999771,57.531
16,57.562,100.0,56.718,394.2115072434283,0.3156950309999047,57.562
16,57.843,100.0,56.562,138.1323365353871,0.3472008009998717,57.843
16,57.468,100.0,56.343,856.904465984473,0.35328051499982394,57.468
16,57.75,100.0,56.531,793.2495835893226,0.3641964459998235,57.75
16,57.437,100.0,56.437,781.4028424597891,0.37069614099982573,57.437
16,57.625,100.0,56.375,132.6926499748972,0.4034316779998335,57.625
16,57.406,100.0,56.406,756.1270425284408,0.4100682089997463,57.406
16,57.656,100.0,56.375,861.6137797401723,0.41850175699983083,57.656
16,57.468,100.0,56.343,840.3938464276042,0.42462908800007426,57.468
16,57.5,100.0,56.843,134.53023851497204,0.4569419869999365,57.5
16,57.437,100.0,56.5,706.3328405166994,0.4642287149999902,57.437
16,57.406,100.0,56.656,814.834903976039,0.47601052999971216,57.843
16,57.437,100.0,56.593,809.2704726120561,0.48808832199983954,57.437
16,57.437,100.0,56.187,150.79584703545453,0.5170182980000391,57.437
16,57.656,100.0,56.312,857.5325420605199,0.5234430780001276,57.656
16,57.343,100.0,56.781,870.7435993506423,0.529400515999896,57.562
16,57.375,100.0,56.75,826.0665165552393,0.5398515679999036,57.375
16,57.312,100.0,56.562,132.18359380043555,0.5727078449999681,57.312
16,57.343,100.0,56.343,465.83512495841904,0.5829060890000619,57.343
16,57.406,100.0,56.468,870.0270842518953,0.5888745029997153,57.406
16,57.312,100.0,56.406,827.2395729747511,0.5950481710001441,57.312
16,57.5,100.0,56.656,114.9254076094943,0.632633622999947,57.5
16,57.687,100.0,56.343,828.4945109537164,0.6388906540000789,57.687
16,57.437,100.0,56.312,828.8402867416698,0.6479188449998219,57.687
16,57.343,100.0,56.562,874.5375597673137,0.6575166220000028,57.562
16,57.5,100.0,56.468,146.1010497333826,0.693162650999966,57.5
16,57.375,100.0,56.718,445.20170186810935,0.7077358189999359,57.156
16,57.343,100.0,56.406,820.3017998613894,0.7199274710001191,57.406
16,57.406,100.0,56.625,872.8312163959584,0.7316368349997902,57.312
16,57.343,100.0,56.531,147.02818302155777,0.7612081749998652,57.343
16,57.25,100.0,56.437,314.9056789125368,0.7757015960000899,57.25
16,57.531,100.0,56.468,874.4443907096141,0.7817043790000753,57.531
16,57.375,100.0,56.406,835.0715791554846,0.7920308200000363,57.375
16,57.343,100.0,56.218,110.33128684526523,0.831185473000005,57.343
16,57.562,100.0,56.5,874.2750599070592,0.8371276459997716,57.562
16,57.281,100.0,56.468,860.143679081838,0.8431835500000489,57.281
16,57.531,100.0,56.468,882.5284860190577,0.8515931619999719,57.531
16,57.468,100.0,56.312,137.68525966950688,0.8831735899998421,57.468
16,57.718,100.0,56.562,884.8699679179167,0.8890856819998589,57.718
16,57.375,100.0,56.531,862.140844360652,0.8950764969999909,57.375
16,57.75,100.0,56.531,901.7828808212662,0.9008507280000231,57.75
16,57.437,100.0,56.343,142.00490914203277,0.934955940999771,57.437
16,57.656,100.0,56.625,889.4034643060951,0.9408469119998699,57.656
16,57.437,100.0,56.406,857.0725635664373,0.951785691999703,57.437
16,57.562,100.0,56.343,912.6079156113411,0.9574850409999272,57.562
16,57.406,100.0,56.468,120.29085332802306,0.9934793060001539,57.406
16,57.531,100.0,56.843,870.6801545471282,0.9995103139999628,57.531
16,57.468,100.0,56.75,886.3359679474964,1.005413286000021,57.468
16,57.875,100.0,56.687,473.988730651161,1.0153713619997689,57.875
16,57.656,100.0,56.437,136.25520328638714,1.047318586000074,57.656
16,57.406,100.0,56.343,879.838947036224,1.0532107409999298,57.406
16,57.312,100.0,56.312,415.5198183368938,1.0666378880000593,57.312
16,57.593,100.0,56.812,767.1829015494774,1.073277011999835,57.593
16,57.531,100.0,56.656,144.8042534424325,1.103405809999913,57.531
16,57.375,100.0,56.343,764.0745576215485,1.1100527730000067,57.375
16,57.531,100.0,56.437,870.9576808081307,1.116042564000054,57.531
16,57.25,100.0,56.25,781.3610643986509,1.1225182889997996,57.25
16,57.343,100.0,56.343,143.59144655573178,1.1528512219997538,57.531
16,57.531,100.0,56.437,731.1034608946801,1.1597699700000703,57.781
16,57.781,100.0,56.718,831.3426360284989,1.1658046899997316,57.375
16,57.75,100.0,56.406,817.3145893401495,1.1760004379998463,57.75
16,57.531,100.0,56.25,150.23754007172866,1.2050251050000043,57.531
16,57.343,100.0,56.562,790.7274788241504,1.2115489929997239,57.343
16,57.656,100.0,56.5,891.7636057735974,1.2173549369999819,57.656
16,57.312,100.0,56.25,852.2075635109484,1.2235083810001015,57.312
16,57.375,94.4,56.656,137.4478852534383,1.255072168999959,57.375
16,57.5,100.0,56.562,856.7980383279931,1.261108552999758,57.5
16,57.5,100.0,56.218,886.018421676517,1.266940257999977,57.5
16,57.656,100.0,56.281,871.032923652578,1.2728718710000066,57.656
16,57.468,100.0,56.468,98.18616892717014,1.3167552179997983,57.468
16,57.781,100.0,56.687,846.9158163168365,1.3228604040000391,57.781
16,57.437,100.0,56.437,908.5464981355094,1.3285785379998742,57.687
16,57.468,100.0,56.312,846.609477947608,1.3397725579998223,57.468
16,57.343,100.0,56.281,138.6419822049863,1.3711829009998837,57.343
16,57.562,100.0,56.531,870.9347126302658,1.3771588029999293,57.562
16,57.343,100.0,56.468,888.8365222967275,1.383013932999802,57.343
16,57.562,100.0,56.812,885.2765580999485,1.3888737990000664,57.562
16,57.75,95.5,56.593,117.8341175450054,1.4255748069999754,57.75
16,57.468,100.0,56.343,819.7068734153064,1.4318284129999483,57.468
16,57.75,100.0,56.281,885.4557856179746,1.4376538470000924,57.75
16,57.281,100.0,56.562,844.5473059077395,1.4436362129999907,57.281
16,57.468,95.0,56.406,133.35785362941013,1.4761570870000469,57.468
16,57.625,100.0,56.343,801.4323083475049,1.482581194999966,57.625
16,57.343,100.0,56.375,875.536681362103,1.4884829190000346,57.625
16,57.625,100.0,56.25,866.8793819201735,1.4969064829997478,57.625
16,57.312,100.0,56.312,133.9750937465098,1.5293654669999341,57.312
16,57.406,100.0,56.406,865.1684976104889,1.535440763999759,57.406
16,57.312,100.0,56.718,890.3640887586994,1.541331160000027,57.312
16,57.406,100.0,56.718,851.3993583769458,1.5519058959998802,57.406
16,57.687,100.0,56.531,124.1707672516135,1.586815421999745,57.687
16,57.656,100.0,56.281,458.9065009031111,1.5971655749999627,57.656
16,57.343,100.0,56.281,751.3288815415859,1.604234760000054,57.343
16,57.5,100.0,56.5,812.068390028047,1.610524623999936,57.5
16,57.25,100.0,56.375,117.08757258817872,1.6480920270000752,57.25
16,57.468,100.0,56.312,748.484179549581,1.65494952500012,57.468
16,57.343,100.0,56.312,538.5692405226587,1.663786638000147,57.343
16,57.343,100.0,56.187,777.435324065274,1.6702306189999945,57.281
16,57.468,94.1,56.75,136.70143783265044,1.7019192419998035,57.468
16,57.187,100.0,56.375,755.9353020660325,1.7086763530001008,57.187
16,57.562,100.0,56.312,689.2575800834128,1.7157540819998758,57.562
16,57.25,66.7,56.343,842.1813526602513,1.7217654089999996,57.25
16,57.343,95.5,56.437,128.53467333129032,1.7554188310000427,57.343
16,57.218,100.0,56.437,676.0847440037063,1.7650115209999058,57.218
16,57.343,100.0,56.812,745.6356190027658,1.7717331099997864,57.343
16,57.25,100.0,56.687,861.0307930513114,1.7776316340000449,57.25
16,57.343,100.0,56.562,134.1536304690373,1.8098572989997592,57.343
16,57.312,100.0,56.187,438.4316781820806,1.8205636550001145,57.312
16,57.375,100.0,56.531,760.9384226971811,1.8272093380001024,57.375
16,57.812,100.0,56.468,860.1041688130601,1.8331299749997925,57.812
16,57.406,100.0,56.281,130.50054626487915,1.8663730479997866,57.406
16,57.593,100.0,56.312,707.438410173418,1.8735123789997488,57.593
16,57.375,100.0,56.343,653.4865357981621,1.8810101849999228,57.656
16,57.281,100.0,56.562,530.0596204238352,1.8943116320001536,57.281
16,57.218,100.0,56.468,148.64089905596398,1.9236360849999983,57.218
16,57.562,100.0,56.343,853.912197982177,1.9296741650000513,57.281
16,57.5,100.0,56.718,801.417607696203,1.9399995169997055,57.5
16,57.25,100.0,56.687,815.412789848004,1.9519134319998557,57.25
16,57.343,100.0,56.437,136.4288000944032,1.9838949929999217,57.343
16,57.625,100.0,56.375,834.8270825474112,1.99022789799983,57.625
16,57.343,100.0,56.5,727.7623467969788,1.9970651399999042,57.343
16,57.25,100.0,56.406,437.0195178453042,2.0091852049999943,57.25
16,57.562,100.0,56.562,121.03522227542905,2.0495620409997173,57.312
16,57.5,100.0,56.218,680.2216771961814,2.057011909999801,57.5
16,57.343,100.0,56.187,854.50786445222,2.0678722869997728,57.343
16,57.468,100.0,56.5,804.9118710351953,2.074401071000011,57.468
16,57.812,100.0,56.312,132.93139871068178,2.107047324999712,57.812
16,57.406,100.0,56.343,866.060289445657,2.113007547000052,57.406
16,57.687,100.0,56.281,866.9195170342435,2.1206606860000647,57.687
16,57.5,100.0,56.218,828.541645221877,2.1271215950000624,57.5
16,57.343,94.1,56.406,151.13318249858511,2.1565209939999477,57.343
16,57.531,100.0,56.312,800.1112520493792,2.162861003999751,57.531
16,57.281,100.0,56.687,853.0396844214962,2.168727077999847,57.281
16,57.375,100.0,56.656,879.0067985113765,2.174563071999728,57.375
16,57.437,100.0,56.562,132.35739295704204,2.2072254859999703,57.437
16,57.312,100.0,56.25,779.1778059501869,2.213790174999758,57.343
16,57.5,100.0,56.5,849.7050760452646,2.2240830460000325,57.5
16,57.375,100.0,56.468,806.7846556412886,2.230533108000145,57.375
16,57.343,100.0,56.312,147.5583640046975,2.2629974359997505,57.343
16,57.625,100.0,56.312,795.338599281339,2.2694989870001336,57.625
16,57.562,100.0,56.281,463.34186450877075,2.2797000149998894,57.562
16,57.312,100.0,56.218,847.9786051926504,2.2857603359998393,57.312
16,57.125,90.5,56.375,146.75210981121245,2.3154111349999766,57.125
16,57.25,100.0,56.718,829.895111152787,2.3215788510001403,57.25
16,57.25,100.0,56.375,835.7371488597666,2.3319004269997095,57.25
16,57.468,100.0,56.312,814.1566809971184,2.3381845630001408,57.468
16,57.343,100.0,56.218,110.00505556359536,2.377421522000077,57.343
16,57.656,100.0,56.25,846.9048718795494,2.3835544529997605,57.656
16,57.5,100.0,56.406,829.1129193944353,2.3897441859999162,57.5
16,57.656,100.0,56.343,860.0477318795303,2.395743864999986,57.656
16,57.593,100.0,56.281,130.47963063224785,2.4289493369997217,57.468
16,57.468,100.0,56.312,845.5715943966311,2.4351801590000832,57.468
16,57.468,100.0,56.187,822.789095958736,2.4414101490001485,57.218
16,57.437,100.0,56.218,830.4789421573817,2.451922674999878,57.437
16,57.343,95.0,56.781,136.61679765834938,2.483769351999854,57.343
16,57.25,100.0,56.406,816.6118825985557,2.490035311000156,57.375
16,57.312,100.0,56.562,812.556714045789,2.5000211010001294,57.468
16,57.75,100.0,56.375,791.773701265114,2.512198351999814,57.75
16,57.375,100.0,56.375,124.60719567121714,2.5469990430001417,57.375
16,57.562,100.0,56.406,703.5272103306099,2.554174822999812,57.562
16,57.375,100.0,56.375,634.2964039498002,2.561919420999857,57.375
16,57.625,100.0,56.656,835.2950922438699,2.56804137600011,57.625
16,57.5,100.0,56.562,136.9798824004127,2.5997557279997636,57.5
16,57.281,100.0,56.5,809.9657575707031,2.606115961999876,57.281
16,57.375,100.0,56.25,434.700426147308,2.6168805610000163,57.375
16,57.437,100.0,56.343,836.8364925273089,2.62309128600009,57.437
16,57.343,100.0,56.343,147.18503579885368,2.652693635000105,57.343
16,57.656,100.0,56.562,833.0812157913149,2.6588836239998273,57.656
16,57.343,100.0,56.468,718.1209673836161,2.665840420999757,57.343
16,57.75,100.0,56.25,850.9958303935134,2.6755353539997486,57.75
16,57.406,100.0,56.343,119.27238991993778,2.7118422999997165,57.562
16,57.281,100.0,56.593,847.3372226064502,2.7179623669999273,57.281
16,57.531,100.0,56.343,818.1614782013631,2.7286890440000207,57.531
16,57.406,100.0,56.562,471.80303776097173,2.7386835379998047,57.406
16,57.187,94.4,56.281,148.9866004530146,2.767946420000044,57.187
16,57.437,100.0,56.218,819.3890035935299,2.7742032269998163,57.437
16,57.281,100.0,56.375,772.8966949146993,2.780729643000086,57.375
16,57.375,85.7,56.437,867.2292565589843,2.7866481989999556,57.375
16,57.562,100.0,56.312,133.03245775723136,2.819142031999945,57.562
16,57.406,100.0,56.281,844.5799576700501,2.825453816999925,57.406
16,57.593,100.0,56.562,836.7937520728171,2.831624348999867,57.593
16,57.343,100.0,56.312,864.2441697825508,2.8375874829998793,57.343
16,57.5,95.8,56.375,135.11214445505013,2.8739289579998513,57.343
16,57.343,100.0,56.625,861.9084031178515,2.8837365019999197,57.343
16,57.375,100.0,56.5,852.5846851648255,2.889781653999762,57.375
16,57.343,100.0,56.562,885.8088460010719,2.895644336999794,57.343
16,57.781,100.0,56.25,122.82078454983551,2.932834959000047,57.781
16,57.781,100.0,56.687,850.2616179018065,2.939008339999873,57.781
16,57.375,100.0,56.312,709.7830597442755,2.946028434999789,57.75
16,57.437,100.0,56.593,492.1238320942117,2.956610051000098,57.437
16,57.281,100.0,56.25,104.93804813108704,2.9994605020001472,57.281
16,57.437,100.0,56.406,838.6462743214595,3.005688507999821,57.437
16,57.468,100.0,56.406,810.5568048272427,3.0195074429998385,57.468
16,57.406,100.0,56.281,794.528644195207,3.025909278999734,57.406
16,57.75,100.0,56.531,113.73190430605585,3.0647222889997465,57.75
16,57.437,100.0,56.218,404.57403679825006,3.076298593000047,57.437
16,57.375,100.0,56.812,346.0445290985126,3.0896270489997733,57.375
16,57.656,100.0,56.75,770.6971106003674,3.097434368999984,57.656
16,57.25,95.0,56.281,146.0107169111588,3.127242260999992,57.25
16,57.468,100.0,56.312,838.5175108825504,3.1333974330000274,57.468
16,57.468,80.0,56.562,823.6680776142341,3.1395613089998733,57.312
16,57.312,100.0,56.531,872.3374474563963,3.145423734999895,57.312
16,57.437,94.7,56.406,143.34222920392577,3.175717593999707,57.437
16,57.437,100.0,56.625,867.3210737308842,3.181629493999935,57.437
16,57.343,100.0,56.625,863.5155506625749,3.1875444019997303,57.468
16,57.468,100.0,56.312,832.155622904327,3.1936146109997026,57.468
16,57.593,95.2,56.437,130.0670975401846,3.226908950000052,57.593
16,57.343,100.0,56.187,830.900112189564,3.2330837059998885,57.343
16,57.531,100.0,56.156,637.1052424947208,3.2409369160000097,57.531
16,57.312,100.0,56.687,815.6665071459995,3.2470997360001093,57.312
16,57.25,93.7,56.281,143.11293173453814,3.2774725419999413,57.406
16,57.406,100.0,56.281,827.9397776096293,3.283606528999826,57.406
16,57.25,100.0,56.25,793.8741734317339,3.289922282000134,57.25
16,57.437,100.0,56.468,851.471432554253,3.2968045799998436,57.437
16,57.75,100.0,56.375,137.54611510930616,3.3283016139998836,57.75
16,57.406,100.0,56.375,560.8979493549895,3.3369552650001424,57.406
16,57.781,100.0,56.375,847.0690686898225,3.3429979210000056,57.781
16,57.343,100.0,56.281,791.8979269273128,3.3508408590000727,57.343
16,57.25,100.0,56.187,114.58290420195189,3.38870910300011,57.25
16,57.5,100.0,56.218,821.9996150876943,3.395113722000133,57.5
16,57.312,100.0,56.375,836.1478347380569,3.4038622240000223,57.312
16,57.5,100.0,56.437,564.465755200805,3.4124537939997026,57.281
16,57.375,100.0,56.531,127.00469834843683,3.451902759999939,57.375
16,57.781,100.0,56.468,802.4430458474848,3.458446551999714,57.781
16,57.312,100.0,56.312,835.4761191328305,3.4666461090000666,57.312
16,57.718,100.0,56.343,491.45217578029053,3.476467572999809,57.718
16,57.156,95.0,56.281,137.3031831633474,3.5082147260000056,57.156
16,57.468,100.0,56.562,824.5179799656614,3.514437899999848,57.468
16,57.25,100.0,56.562,840.5393571385044,3.5211123529998076,57.25
16,57.437,100.0,56.437,839.9631676732535,3.5271818569999596,57.437
16,57.031,90.5,56.687,119.74520729138297,3.563222011000107,57.031
16,57.25,100.0,56.312,842.1975868442483,3.5693864629997734,57.25
16,57.218,100.0,56.375,826.5509762716474,3.5756431740001062,57.218
16,57.25,100.0,56.312,827.0203496175703,3.5818689719999384,57.25
16,57.625,100.0,56.468,121.24717471839797,3.618051178999849,57.625
64,57.156,99.9,56.625,538.4763123646485,0.007801591999850643,57.156
64,57.25,100.0,56.343,400.34281522723717,0.02520521699989331,57.25
64,57.437,100.0,56.593,495.5511732941087,0.036640364000049885,57.437
64,57.25,100.0,56.562,719.0939729810163,0.04373124599987932,57.406
64,57.218,100.0,56.218,293.3176740777871,0.0610839579999265,57.218
64,57.218,100.0,56.218,845.980913771892,0.07157670700007657,57.343
64,57.187,100.0,56.843,535.3181638512029,0.08214661100009835,57.187
64,57.375,100.0,56.687,731.6829966489544,0.08896442800005389,57.375
64,57.25,100.0,56.625,712.0079051967417,0.0959606179999355,57.25
64,57.375,100.0,56.312,799.5353347413853,0.10230942799989862,57.375
64,57.218,100.0,56.375,723.0571273500328,0.10916132600004858,57.218
64,57.312,100.0,56.281,846.7845012692643,0.1151840769998671,57.312
64,57.406,100.0,56.562,424.504330457854,0.12607591200003299,57.281
64,57.656,100.0,56.531,789.3132399771396,0.13638129499986462,57.656
64,57.25,100.0,56.468,706.169205327399,0.14337502199987284,57.25
64,57.375,98.4,56.687,40.91235149375506,0.24761750400011806,57.375
64,57.437,100.0,56.312,252.8446426883763,0.26601123999989795,57.437
64,57.687,100.0,56.312,372.92600506395877,0.280058758999985,57.25
64,57.281,100.0,56.812,339.937950019291,0.3041336359997331,57.218
64,57.468,100.0,56.5,469.7199310434636,0.32406009399983304,57.25
64,57.437,100.0,56.625,823.2438638686517,0.33320611299996017,57.437
64,57.343,100.0,56.562,876.0750670872754,0.34340512500011755,57.343
64,57.468,100.0,56.531,832.0394081203698,0.3495913689998815,57.468
64,57.25,100.0,56.562,889.6268207877099,0.3590442139998231,57.25
64,57.406,100.0,56.312,856.7310093831297,0.36506322100012767,57.406
64,57.218,100.0,56.468,481.3007995714305,0.37489748600000894,57.218
64,57.281,100.0,56.187,823.1973304927861,0.3810973949998697,57.281
64,57.25,100.0,56.718,907.5085589356445,0.3867625670000052,57.25
64,57.468,100.0,56.812,857.8691208575859,0.3927598459999899,57.437
64,57.25,100.0,56.656,893.8556248379947,0.40292183300016404,57.343
64,57.343,100.0,56.625,853.6117227683432,0.4089834339997651,57.781
64,57.343,100.0,56.531,41.404638509437184,0.5139162740001666,57.343
64,57.375,100.0,56.218,854.1570443073407,0.5232802830000765,57.375
64,57.281,100.0,56.406,846.3634736488283,0.5294203819998984,57.375
64,57.375,100.0,56.281,805.2136588929088,0.539955437000117,57.375
64,57.406,100.0,56.406,482.02296141325064,0.5497773500001131,57.406
64,57.531,100.0,56.843,842.0136358865143,0.5558873999998468,57.531
64,57.531,100.0,56.718,915.6489524935266,0.5615552919998663,57.312
64,57.468,100.0,56.656,700.7924864183201,0.5685860119997415,57.468
64,57.375,100.0,56.593,657.0343082202893,0.5769904389999283,57.375
64,57.531,100.0,56.562,881.9819562010355,0.5828362249999373,57.531
64,57.281,100.0,56.562,856.3502116421014,0.5947108099999241,57.281
64,57.531,100.0,56.281,848.9784153697537,0.600797084000078,57.312
64,57.562,100.0,56.218,881.7031066137318,0.6115845310000623,57.562
64,57.375,100.0,56.375,698.2836021080175,0.6202253169999494,57.375
64,57.343,100.0,56.375,845.37526174576,0.6292824689999179,57.343
64,57.468,100.0,56.687,820.0657139562812,0.6378874789998008,57.468
64,57.375,100.0,56.437,43.03633019837323,0.7363754419998259,57.562
64,57.562,100.0,56.343,785.4016512303565,0.7476932099998521,57.281
64,57.25,100.0,56.281,323.23003155182073,0.7624697749997722,57.25
64,57.218,100.0,56.906,337.8193577170608,0.7777400209997722,57.218
64,57.218,100.0,56.468,340.93715481861585,0.7914661209997575,57.218
64,57.25,100.0,56.718,381.77358935343676,0.8035522010000022,57.25
64,57.625,100.0,56.593,335.73391565977124,0.8177176760000293,57.625
64,57.281,100.0,56.312,434.4915274131189,0.8288106679997327,57.281
64,57.562,100.0,56.5,886.1681792642859,0.8348353400001542,57.562
64,57.531,100.0,56.468,364.5420982563797,0.8474836780001169,57.187
64,57.406,100.0,56.75,795.3048181956772,0.8593615599997975,57.406
64,57.25,100.0,56.687,433.2677590618612,0.8705424270001458,57.25
64,57.468,100.0,56.312,859.9518060000702,0.8768240350000269,57.218
64,57.312,100.0,56.625,447.19461162608536,0.8918536969999877,57.312
64,57.375,100.0,56.25,344.5191542097573,0.905207720999897,57.375
64,57.25,100.0,56.5,802.4676098811283,0.9115637310001148,57.312
64,57.312,100.0,56.406,42.174347316686244,1.0156516799997917,57.312
64,57.468,100.0,56.312,783.5330257799618,1.0221777759998076,57.468
64,57.25,100.0,56.656,802.1140312093856,1.0285059449997789,57.25
64,57.531,100.0,56.625,837.3015769495228,1.0350050950000877,57.531
64,57.437,100.0,56.312,452.8606648564713,1.0465726630000063,57.437
64,57.25,100.0,56.281,859.489405212751,1.0527293390000523,57.25
64,57.406,100.0,56.406,822.2677654158725,1.058961760999864,57.406
64,57.406,100.0,56.406,855.2940782747743,1.0649872330000107,57.25
64,57.437,100.0,56.5,829.2597959346765,1.07294495799988,57.437
64,57.562,100.0,56.343,599.4494440357823,1.0811030089998894,57.562
64,57.5,100.0,56.468,855.7296269591718,1.0872055390000241,57.5
64,57.812,100.0,56.687,868.6375204564938,1.0953333490001569,57.812
64,57.5,100.0,56.343,788.2689128729962,1.101801395000166,57.5
64,57.687,100.0,56.562,848.4618243103054,1.1113274899998942,57.687
64,57.375,100.0,56.562,866.5698923042311,1.1174363239997547,57.593
64,57.25,100.0,56.562,843.129226026754,1.1277113709998048,57.437
64,56.968,96.8,56.531,42.47286907951694,1.2338077350000276,56.968
64,57.281,100.0,56.375,813.6664325947928,1.2401128639999115,57.281
64,57.25,100.0,56.343,816.7592934621745,1.2463046130001203,57.25
64,57.437,100.0,56.718,853.1396272862157,1.2524012220001168,57.437
64,57.187,100.0,56.562,846.1119796082662,1.2584633030000987,57.187
64,57.187,100.0,56.312,865.4541282575542,1.264338177999889,57.187
64,57.375,100.0,56.218,845.1408728535908,1.2703405769998426,57.375
64,57.125,100.0,56.562,821.8346864129404,1.276429890000145,57.125
64,57.343,100.0,56.5,803.6238239623924,1.2826579920001677,57.343
64,57.343,100.0,56.187,840.1783677478776,1.2886858319998282,57.125
64,57.218,100.0,56.25,855.11569426622,1.2946194279998053,57.218
64,57.312,100.0,56.25,827.6052036462034,1.30070800600015,57.312
64,57.218,100.0,56.437,821.5668185009549,1.3079581239999243,57.218
64,57.281,100.0,56.406,713.9198319770127,1.3148323589998654,57.281
64,57.156,100.0,56.343,832.0763819997956,1.320841413999915,57.156
64,57.125,100.0,56.281,882.4571853292216,1.3289276229997995,57.125
64,57.312,96.5,56.375,45.89610000840591,1.4216986679998627,57.312
64,57.25,100.0,56.562,467.16509592107303,1.4318570069999623,57.25
64,57.468,100.0,56.312,888.5832531109264,1.4379085919999852,57.468
64,57.281,100.0,56.5,476.6293542200529,1.4478229870001087,57.281
64,57.468,100.0,56.218,915.591586699075,1.4535399999999754,57.468
64,57.25,100.0,56.437,890.454820822711,1.4594330840000111,57.312
64,57.312,100.0,56.343,890.3157059590349,1.471335765999811,57.156
64,57.343,100.0,56.625,877.4180591973683,1.4829771280001296,57.343
64,57.281,100.0,56.375,880.0277963199787,1.4888796519999232,57.281
64,57.25,100.0,56.312,897.7003926432652,1.4947133410000788,57.25
64,57.562,100.0,56.25,879.6675206645418,1.5030012530000931,57.562
64,57.343,100.0,56.312,893.2769066685062,1.5110070749997249,57.343
64,57.531,100.0,56.312,871.7108756551302,1.5169130230001429,57.343
64,57.343,100.0,56.187,882.6057413729766,1.5269795829999566,57.625
64,57.375,100.0,56.375,452.1233489253677,1.5391030400001,57.375
64,57.625,100.0,56.406,867.4877213558939,1.545454793999852,57.625
64,57.75,100.0,56.656,40.49934682397663,1.650517334000142,57.75
64,57.5,100.0,56.25,887.0199516099938,1.656421969999883,57.781
64,57.375,100.0,56.312,820.1221568529195,1.6674021270000594,57.375
64,57.687,100.0,56.218,863.37903789491,1.6735702910000327,57.687
64,57.25,100.0,56.437,834.8696222563134,1.6832349500000419,57.25
64,57.468,100.0,56.5,914.3843776557087,1.6889287310000327,57.468
64,57.437,100.0,56.218,773.284282282282,1.6991919060001237,57.437
64,57.125,100.0,56.843,888.9631168765799,1.710796850999941,57.125
64,57.218,100.0,56.625,390.69912841098363,1.7226463470001363,57.218
64,57.656,100.0,56.406,773.9145131654134,1.7312641570001688,57.343
64,57.562,100.0,56.312,843.8241738530911,1.7433649579998018,57.562
64,57.468,100.0,56.5,855.6625905922863,1.7494179820000682,57.468
64,57.5,100.0,56.562,853.9567049897421,1.755490975000157,57.5
64,57.5,100.0,56.25,918.459456105519,1.7611892039999475,57.687
64,57.468,100.0,56.5,794.571992779304,1.771267509000154,57.468
64,57.812,100.0,56.25,814.9362282158778,1.7775573409999197,57.812
64,57.656,98.2,56.687,43.48510081784063,1.8751222020000569,57.656
64,57.281,100.0,56.625,801.942111762516,1.8815155580000464,57.281
64,57.531,100.0,56.25,434.9889995483447,1.8923299809998753,57.531
64,57.531,100.0,56.562,880.7257460937797,1.8982420409997758,57.531
64,57.468,100.0,56.5,792.185245333809,1.9046166759999323,57.468
64,57.75,100.0,56.468,833.4043351410387,1.9108069210001304,57.75
64,57.437,100.0,56.312,784.1564758950267,1.9195380139999543,57.437
64,57.375,100.0,56.437,889.6570126333413,1.9253601830000662,57.375
64,57.625,100.0,56.718,782.1723869562145,1.9360439470001438,57.312
64,57.312,100.0,56.437,861.9142479846357,1.9471597560000191,57.312
64,57.5,100.0,56.343,762.798361355583,1.9537944310000057,57.5
64,57.343,100.0,56.312,882.6235714459186,1.959668985999997,57.343
64,57.625,100.0,56.625,835.8810512488033,1.965759835999961,57.625
64,57.375,100.0,56.562,898.6603560995547,1.9714268640000228,57.375
64,57.5,100.0,56.25,849.3415042881021,1.9773587959998622,57.5
64,57.218,100.0,56.218,881.4305459312882,1.98319494999987,57.218
64,57.437,98.2,56.25,46.55825972020991,2.0743221990001075,57.437
64,57.625,100.0,56.281,466.42028473283864,2.0844694329998674,57.625
64,57.343,100.0,56.281,856.9606662201234,2.090575483000066,57.343
64,57.656,100.0,56.406,862.328022366471,2.0967261749997306,57.656
64,57.406,100.0,56.687,819.5069950630661,2.102976036999735,57.406
64,57.531,100.0,56.25,878.0118763633818,2.1109984360000453,57.375
64,57.531,100.0,56.625,831.965470218399,2.123352364999846,57.531
64,57.312,100.0,56.531,895.7494919333787,2.129150340999786,57.312
64,57.5,100.0,56.25,843.6558021079387,2.135554161000073,57.5
64,57.312,100.0,56.218,902.5031566071484,2.141334856999947,57.312
64,57.406,100.0,56.25,856.3783618854447,2.1508560550000766,57.406
64,57.531,100.0,56.281,882.7900204871933,2.1567324019997614,57.531
64,57.718,100.0,56.406,861.6477644250485,2.1627601780000987,57.718
64,57.718,100.0,56.75,902.4348052375827,2.1685188249998646,57.531
64,57.625,100.0,56.406,851.4880268748884,2.179163930999948,57.625
64,57.75,100.0,56.375,905.5085863087912,2.184953394999866,57.75
64,57.437,96.6,56.281,42.658630854107535,2.2844108929998583,57.437
64,57.281,100.0,56.312,867.1604064365953,2.290431979999994,57.5
64,57.5,100.0,56.312,877.5414217587502,2.299050653999984,57.5
64,57.343,100.0,56.531,460.56912509254676,2.31141453500004,57.343
64,57.75,100.0,56.281,864.1131234299047,2.3174012859999493,57.406
64,57.406,100.0,56.406,858.9428846578281,2.3268380979998255,57.406
64,57.718,100.0,56.406,863.4072967661148,2.3328257439998197,57.437
64,57.562,100.0,56.656,472.38972909162067,2.34723199400014,57.562
64,57.5,100.0,56.312,868.2577499345288,2.353198166999846,57.5
64,57.343,100.0,56.281,468.0977246703552,2.367521662999934,57.343
64,57.312,100.0,56.562,855.2271102074012,2.373538909999752,57.312
64,57.437,100.0,56.5,464.50941271750224,2.387845924999965,57.437
64,57.5,100.0,56.218,891.0662320002874,2.3936003799999526,57.5
64,57.25,100.0,56.843,471.22801951722033,2.4076977240001725,57.593
64,57.343,100.0,56.468,854.0457331621433,2.4190684209997926,57.5
64,57.531,100.0,56.718,868.8102533266836,2.4312084869998216,57.437
64,57.343,100.0,56.5,43.54034091836474,2.534762435000175,57.343
64,57.343,100.0,56.25,835.6359139189383,2.540918758999851,57.531
64,57.468,100.0,56.437,467.5700571354085,2.5510329039998396,57.468
64,57.531,100.0,56.25,900.1788208643225,2.5568263999998635,57.531
64,57.312,100.0,56.406,467.08518652873084,2.566978883000047,57.312
64,57.375,100.0,56.812,862.2317644232453,2.57295952100003,57.375
64,57.312,100.0,56.687,877.3299642077677,2.578894782000134,57.312
64,57.406,100.0,56.593,891.563243074446,2.584926686000017,57.75
64,57.75,100.0,56.562,890.1101373016589,2.59503635100009,57.75
64,57.312,100.0,56.218,881.104657934182,2.600903864999964,57.312
64,57.375,100.0,56.562,474.0470158616434,2.6108761820000836,57.375
64,57.375,100.0,56.187,882.029623013174,2.6167750260001412,57.687
64,57.687,100.0,56.218,883.4802638824883,2.622631948000162,57.687
64,57.375,100.0,56.218,889.349151292298,2.6284337649999543,57.593
64,57.406,100.0,56.656,869.4268935109078,2.639083350999954,57.687
64,57.687,100.0,56.375,860.544631581551,2.651152918999742,57.375
64,57.75,96.8,56.25,42.590596803724885,2.750773653000124,57.75
64,57.437,100.0,56.156,882.7840747794554,2.7567353790000197,57.437
64,57.812,100.0,56.468,885.7491724467108,2.762624206000055,57.812
64,57.812,100.0,56.531,884.2252700364829,2.7685032730000785,57.5
64,57.75,100.0,56.406,679.911167315733,2.7764101479997407,57.75
64,57.437,100.0,56.437,476.8408999435805,2.7863852179998503,57.437
64,57.562,100.0,56.406,898.4387919258063,2.7922254350000912,57.562
64,57.375,100.0,56.75,868.5510000414488,2.798189464999723,57.375
64,57.5,100.0,56.687,897.6571647245501,2.8039774250000846,57.5
64,57.375,100.0,56.687,470.9824955163453,2.8140741940001135,57.375
64,57.281,100.0,56.312,618.2998781582128,2.824546751000071,57.281
64,57.437,100.0,56.562,476.4942020572553,2.8344993549999344,57.437
64,57.437,100.0,56.218,893.7822917501818,2.8403381650000483,57.437
64,57.437,100.0,56.25,878.2117103648437,2.846261200999834,57.437
64,57.656,100.0,56.437,907.0877694008379,2.851927620999959,57.656
64,57.656,100.0,56.125,878.2175946405071,2.8577346859997306,57.656
64,57.343,98.3,56.375,41.98152530393715,2.9586249009998937,57.343
64,57.281,100.0,56.375,283.967064099789,2.9745897279999554,57.281
64,57.531,100.0,56.343,870.0790628163782,2.980588350999824,57.375
64,57.375,100.0,56.625,891.1936518353948,2.9885925730000054,57.375
64,57.468,100.0,56.562,467.7402501324683,3.0033358579999003,57.468
64,57.531,100.0,56.312,863.4414230846505,3.009339057000034,57.406
64,57.406,100.0,56.5,869.726885334849,3.0229728340000293,57.593
64,57.25,100.0,56.437,469.5197007120461,3.035209446999943,57.468
64,57.312,100.0,56.437,885.9525443651836,3.047099585000069,57.312
64,57.437,100.0,56.656,882.4750094004603,3.052920761999758,57.437
64,57.343,100.0,56.437,897.6879041890475,3.0586346400000366,57.343
64,57.343,66.7,56.312,889.28277777522,3.064336644999912,57.343
64,57.437,100.0,56.562,895.0764334226267,3.0699994169999627,57.437
64,57.312,100.0,56.625,895.4127406211685,3.0756870219997836,57.312
64,57.375,100.0,56.406,907.9865418572533,3.0812835189999532,57.375
64,57.281,100.0,56.312,881.6736375336097,3.0871126649999496,57.281
64,57.562,98.3,56.781,41.98355581088038,3.1880948509997324,57.562
64,57.5,100.0,56.437,434.6139423047721,3.1989542040000742,57.5
64,57.25,100.0,56.718,804.8131784765446,3.205331430000115,57.25
64,57.406,100.0,56.343,825.7593029462392,3.2157524979998016,57.218
64,57.312,100.0,56.593,818.7493680207359,3.2275110790001236,57.312
64,57.125,100.0,56.343,866.9481873414059,3.2335721360000207,57.187
64,57.187,100.0,56.562,863.3164840242173,3.2436183750000964,57.468
64,57.343,100.0,56.343,891.3936590772909,3.24940774300012,57.343
64,57.656,100.0,56.406,457.89170018797313,3.2638127129998793,57.656
64,57.593,100.0,56.468,903.5360943024364,3.2695624319999297,57.593
64,57.25,100.0,56.687,856.3727667060675,3.279639295999914,57.25
64,57.781,100.0,56.312,868.6603676300484,3.2911068610001166,57.781
64,57.343,100.0,56.656,882.2136615211188,3.296957094999925,57.531
64,57.406,100.0,56.406,880.5007364134802,3.307080520999989,57.406
64,57.562,100.0,56.562,857.8805259745252,3.313101543999892,57.562
64,57.281,100.0,56.343,477.5776249311862,3.3271941839998362,57.5
64,57.843,100.0,56.531,44.655184224205044,3.4222217169999567,57.843
64,57.437,100.0,56.468,890.0678261565721,3.4280277249999926,57.75
64,57.531,100.0,56.343,880.8618800252026,3.439073611999902,57.531
64,57.625,100.0,56.656,865.4655573673626,3.4450516900001276,57.625
64,57.375,100.0,56.343,874.1061589176607,3.455088040999726,57.375
64,57.562,100.0,56.562,886.3899135402559,3.460923811000157,57.375
64,57.375,100.0,56.281,873.488504808911,3.470960929999819,57.531
64,57.312,100.0,56.437,899.3633081187862,3.482880572999875,57.312
64,57.437,100.0,56.531,862.0841398408746,3.4888647309999214,57.437
64,57.281,100.0,56.843,873.9078245820905,3.4947828710000977,57.281
64,57.625,100.0,56.437,880.4179352327985,3.5006866109997645,57.625
64,57.593,100.0,56.656,887.4643845014774,3.511059355999805,57.593
64,57.656,100.0,56.625,900.6489183661475,3.5167916030000015,57.656
64,57.687,100.0,56.343,884.3803892529418,3.522617099999934,57.687
64,57.656,100.0,56.562,897.2149420724774,3.5283315530000436,57.656
64,57.843,100.0,56.312,894.374061318421,3.5388869610001166,57.843
64,57.375,98.4,56.25,40.688803956178404,3.6430786249998164,57.375
256,57.5,99.9,56.437,437.281954808772,0.0096044649999385,57.5
256,57.375,100.0,56.562,477.90324834776527,0.019509612000092602,57.375
256,57.25,100.0,56.531,467.426657263059,0.02963707000026261,57.25
256,57.281,100.0,56.843,464.8587182407496,0.03978705600002286,57.281
256,57.312,100.0,56.5,474.5430195676702,0.049788077999892266,57.312
256,57.25,100.0,56.781,874.1584437675232,0.055718603000059375,57.25
256,57.125,100.0,56.375,473.83108953327667,0.06712734900020223,57.125
256,57.25,100.0,56.625,841.0357183727383,0.0785079349998341,57.25
256,57.312,100.0,56.593,872.1807200975392,0.08445583599996098,57.312
256,57.218,100.0,56.25,882.1067911327326,0.09464684800013856,57.218
256,57.625,100.0,56.5,573.6562078748279,0.10907537100001718,57.625
256,57.625,100.0,56.312,906.9873400562043,0.1148241290002261,57.281
256,57.531,100.0,56.437,873.6282333762578,0.12090793900006247,57.531
256,57.375,100.0,56.406,451.63718997577905,0.13544520100003865,57.5
256,57.25,100.0,56.625,692.5938451202884,0.14286047599989615,57.25
256,57.562,100.0,56.562,474.2442633308962,0.1544625729998188,57.562
256,57.25,100.0,56.531,863.9993804191932,0.16043834699985382,57.25
256,57.312,100.0,56.531,468.9619763605187,0.17048544999988735,57.312
256,57.187,100.0,56.5,910.6297132660412,0.17626630599988857,57.187
256,57.281,100.0,56.468,469.1415800992076,0.18633126600025207,57.281
256,57.406,100.0,56.406,902.5903584497299,0.1921055930001785,57.406
256,57.343,100.0,56.812,868.4360856314513,0.19799486800002342,57.343
256,57.343,100.0,56.718,908.7858751877567,0.20360778299982485,57.343
256,57.468,100.0,56.343,867.9875096565727,0.2094393279999167,57.468
256,57.343,100.0,56.437,705.4470728582811,0.2163417560000198,57.343
256,57.437,100.0,56.625,848.1763205035099,0.22237474700023085,57.437
256,57.312,100.0,56.593,909.3724483772427,0.22803739100027087,57.312
256,57.375,100.0,56.437,870.9752242242043,0.2338617680002244,57.375
256,57.812,100.0,56.312,901.0203950101306,0.2395410530002664,57.812
256,57.812,100.0,56.5,859.6697951400066,0.24540827900000295,57.812
256,57.281,100.0,56.562,908.269482254675,0.25102045799985717,57.281
256,57.593,100.0,56.5,656.1035498912556,0.25841525299983914,57.593
256,57.281,100.0,56.218,905.9903350875986,0.26410823400010486,57.281
256,57.375,100.0,56.875,863.117509227324,0.2739766109998527,57.375
256,57.375,100.0,56.718,906.1721753160574,0.2797510670002339,57.375
256,57.656,100.0,56.312,865.7056393169821,0.28571938400000363,57.656
256,57.312,100.0,56.343,903.6604861148497,0.2913940290000028,57.312
256,57.531,100.0,56.562,851.7536242350589,0.2972978640000292,57.531
256,57.312,66.7,56.625,908.6283760100214,0.3028801220002606,57.312
256,57.593,100.0,56.343,867.659817627635,0.308672113999819,57.593
256,57.593,100.0,56.343,898.5494640630828,0.3143946320001305,57.593
256,57.5,100.0,56.562,870.1886351405793,0.32023811399994884,57.5
256,57.5,100.0,56.468,904.3837655148653,0.32587291700019705,57.5
256,57.25,100.0,56.218,873.4535796092688,0.3316652610001256,57.25
256,57.375,100.0,56.468,904.2215506261879,0.33730019199992967,57.375
256,57.25,100.0,56.406,877.9470004666961,0.3430416219998733,57.25
256,57.25,100.0,56.25,918.3822317479788,0.34856768600002397,57.25
256,57.437,100.0,56.75,892.1581493582817,0.35424911400014025,57.437
256,57.343,100.0,56.406,920.0002194041472,0.35986913299984735,57.343
256,57.312,100.0,56.343,823.3110881313065,0.36596692700004496,57.312
256,57.781,100.0,56.687,903.7788750482309,0.3716358430001492,57.781
256,57.25,100.0,56.656,860.5220326952073,0.3774853410000105,57.25
256,57.25,100.0,56.312,898.5494640630828,0.38316936199998963,57.25
256,57.5,100.0,56.375,761.5087237598673,0.3896732799998972,57.5
256,57.25,100.0,56.562,898.5001875171383,0.3954791930000283,57.25
256,57.562,100.0,56.562,858.1050061144671,0.40136373199993614,57.562
256,57.25,100.0,56.343,885.4139157923094,0.4075280560000465,57.25
256,57.468,100.0,56.343,849.5286713072228,0.4134735890002048,57.468
256,57.218,100.0,56.531,921.313169349231,0.41922161100001176,57.218
256,57.156,100.0,56.656,272.43819643866925,0.43558904300016366,57.281
256,57.468,100.0,56.218,172.7192539577674,0.4698949660000835,57.218
256,57.187,100.0,56.218,304.08689556260293,0.48848198799987586,57.187
256,57.375,100.0,56.343,372.9684850204039,0.501032658999975,57.375
256,57.531,100.0,56.218,14.36255946517414,0.7971501339998213,57.531
256,57.687,100.0,56.25,619.5889058336904,0.8051227400001153,57.687
256,57.687,100.0,56.375,884.9177607167036,0.8109811660001469,57.25
256,57.625,100.0,56.343,892.3644753257719,0.8224556750001284,57.625
256,57.218,100.0,56.718,898.2723538427583,0.8282525310000892,57.218
256,57.5,100.0,56.625,908.2883644019288,0.8340116899998975,57.5
256,57.375,100.0,56.468,896.7054768966568,0.8397880010002154,57.375
256,57.562,100.0,56.562,898.0140640488015,0.8503484650000246,57.562
256,57.437,100.0,56.281,895.6697273160008,0.8561586659998284,57.437
256,57.5,100.0,56.25,899.2771142944214,0.8619908189998569,57.5
256,57.281,100.0,56.531,882.7900204871933,0.8678845419999561,57.281
256,57.531,100.0,56.281,478.58908380702974,0.8790207040001405,57.531
256,57.312,100.0,56.156,907.8416989997003,0.8848090159999629,57.437
256,57.437,100.0,56.781,903.7851070158866,0.8942637169998306,57.312
256,57.312,100.0,56.375,907.6091036580966,0.8999788740002259,57.312
256,57.5,100.0,56.562,480.6089930982657,0.9098550600001545,57.5
256,57.375,100.0,56.656,853.4449798623743,0.9159084689999872,57.375
256,57.718,100.0,56.562,887.6687326896915,0.9262674219999099,57.718
256,57.343,100.0,56.312,849.5451900668423,0.9323152619999746,57.343
256,57.656,100.0,56.218,903.3366328724132,0.9380719569999201,57.656
256,57.312,100.0,56.468,810.4766122750469,0.9443420759998844,57.312
256,57.687,100.0,56.281,829.1653692913162,0.954583938000269,57.687
256,57.437,100.0,56.25,787.2224697671154,0.9610344150000856,57.437
256,57.687,100.0,56.437,868.6776387920127,0.9669473389999439,57.687
256,57.406,100.0,56.687,769.4258140323242,0.9735312600000725,57.406
256,57.531,100.0,56.375,876.8193623770472,0.9822998260001441,57.531
256,57.375,100.0,56.281,801.0551618104558,0.9886480280001706,57.375
256,57.25,100.0,56.312,474.5997226906543,0.9986434500001451,57.25
256,57.406,100.0,56.281,784.5554414717584,1.00512535200005,57.406
256,57.406,100.0,56.5,880.19326757974,1.0110342759999185,57.375
256,57.5,100.0,56.312,852.4957881338139,1.022651605000192,57.5
256,57.343,100.0,56.25,842.5982287031104,1.0288239289998273,57.343
256,57.531,100.0,56.375,445.3333477701901,1.0394000410001354,57.531
256,57.531,100.0,56.187,884.6788483356619,1.0453023730001405,57.375
256,57.437,100.0,56.375,824.3829859873457,1.0514741209999556,57.625
256,57.468,100.0,56.75,884.7505085882887,1.0623096969998187,57.468
256,57.718,100.0,56.656,841.4296848096633,1.0684030110001004,57.718
256,57.312,100.0,56.593,825.6190266559838,1.0746230800000376,57.312
256,57.656,100.0,56.531,854.7864981551234,1.0806479440002477,57.656
256,57.312,100.0,56.437,869.0404905157066,1.0908003630001986,57.312
256,57.593,100.0,56.531,449.97352277321426,1.1012376540002151,57.25
256,57.25,100.0,56.531,885.7489853970516,1.1070795680002448,57.25
256,57.406,100.0,56.281,817.7378145372911,1.11345679499982,57.406
256,57.375,100.0,56.468,462.8853346087391,1.1237311049999335,57.375
256,57.281,100.0,56.375,839.8822647602143,1.12998378400016,57.281
256,57.406,100.0,56.687,857.9928391167686,1.13843106000013,57.312
256,57.531,100.0,56.593,847.6607048906342,1.1506332079998174,57.531
256,57.312,100.0,56.562,904.109476843383,1.1565837650000503,57.312
256,57.468,100.0,56.312,711.8995035013058,1.1647180079999089,57.468
256,57.531,100.0,56.5,781.3283146675248,1.1754218679998303,57.531
256,57.375,100.0,56.531,840.4100117708753,1.181548751000264,57.375
256,57.75,100.0,56.25,888.1679781710162,1.1874127450000742,57.75
256,57.375,100.0,56.218,788.0888089448592,1.1937666429998899,57.375
256,57.75,100.0,56.437,897.1410567660824,1.1994075580000754,57.75
256,57.437,100.0,56.468,823.4766099769869,1.2054801670001325,57.437
256,57.437,100.0,56.718,903.1312309142774,1.2110755449998578,57.437
256,57.75,100.0,56.687,844.2481160604183,1.2170229339999423,57.75
256,57.343,100.0,56.343,893.1673391750747,1.222716555000261,57.343
256,57.5,100.0,56.343,873.2091817209094,1.2285077470000942,57.5
256,57.375,100.0,56.625,903.8598959147772,1.234110869000233,57.375
256,57.375,100.0,56.312,172.3982462687917,1.2594064889999572,57.375
256,57.562,100.0,56.312,217.3134676069891,1.2812629909999487,57.562
256,57.312,98.0,56.718,54.515423490809404,1.366101591000188,57.312
256,57.406,87.5,56.343,318.03549895474515,1.380527746000098,57.406
256,57.25,100.0,56.75,19.103021298242968,1.6013984129999699,57.25
256,57.5,100.0,56.562,205.09472352249477,1.6230233239998597,57.25
256,57.5,100.0,56.343,464.32840275451,1.63577652999993,57.5
256,57.406,100.0,56.5,423.90574249231076,1.647160858999996,57.406
256,57.25,100.0,56.468,832.3934359743652,1.6547221559999343,57.25
256,57.218,100.0,56.156,423.1434413812472,1.6676474939999935,57.218
256,57.343,100.0,56.656,631.938483717935,1.6754735670001537,57.343
256,57.25,100.0,56.312,453.48896297821483,1.6858217680000962,57.25
256,57.406,100.0,56.562,889.3612203157652,1.6916409290001866,57.406
256,57.343,100.0,56.625,662.6079997474004,1.6990613250000024,57.468
256,57.25,100.0,56.343,479.7241454394941,1.7122328149998793,57.25
256,57.406,100.0,56.437,559.5164122134685,1.7208359050000581,57.406
256,57.437,100.0,56.125,588.6747413276768,1.7292749890002597,57.437
256,57.656,100.0,56.375,669.8549279827045,1.7398901740002657,57.656
256,57.312,100.0,56.375,677.6262698268197,1.7474917919998916,57.312
256,57.562,100.0,56.406,560.68200940842,1.7561066580001352,57.562
256,57.25,100.0,56.312,694.6456867729598,1.7631857310002488,57.5
256,57.25,100.0,56.593,763.3003266737162,1.7711923850001767,57.25
256,57.5,100.0,56.187,849.2809679155953,1.778611949000151,57.5
256,57.281,100.0,56.312,657.3275662804787,1.7860173680001026,57.281
256,57.468,100.0,56.25,849.6167784694119,1.79196722100005,57.468
256,57.468,100.0,56.5,827.1976440401547,1.798018582000168,57.218
256,57.218,100.0,56.406,881.3001618422708,1.803771979999965,57.218
256,57.218,100.0,56.468,612.8387573712297,1.8118439810000382,57.218
256,57.218,100.0,56.25,850.9794279043647,1.8180596339998374,57.218
256,57.375,100.0,56.781,798.3375074546162,1.8243218170000546,57.375
256,57.125,100.0,56.312,855.4224632680384,1.830251861999841,57.125
256,57.218,100.0,56.437,616.6939630007404,1.8379829240002437,57.218
256,57.187,100.0,56.343,790.7513308195411,1.8442538110002715,57.187
256,57.218,100.0,56.593,862.3053297971582,1.8501090370000384,57.218
256,57.25,100.0,56.562,874.2750598241875,1.855884389000039,57.25
256,57.25,100.0,56.343,841.4892759448009,1.861794911999823,57.25
256,57.593,100.0,56.312,868.3323472169341,1.8676288259998728,57.593
256,57.593,100.0,56.437,851.3329987185431,1.8735797350000212,57.593
256,57.25,100.0,56.468,867.4358725398768,1.879403727999943,57.25
256,57.562,100.0,56.218,857.2801497988307,1.8852692260002186,57.562
256,57.25,100.0,56.218,880.8616950340138,1.890972063999925,57.25
256,57.531,100.0,56.343,845.6970768765715,1.8968983320000916,57.531
256,57.312,100.0,56.375,868.1310538067097,1.9032116530001986,57.312
256,57.5,100.0,56.656,769.5521619204192,1.9096313129998634,57.5
256,57.25,100.0,56.687,897.3437427265321,1.915306820999831,57.25
256,57.25,100.0,56.281,882.6711218855226,1.9213391090002006,57.25
256,57.406,100.0,56.281,879.7738007818749,1.927257185000144,57.406
256,57.281,100.0,56.593,888.40275749316,1.9329199889998563,57.281
256,57.312,100.0,56.531,863.0720421464563,1.93872583700022,57.312
256,57.156,100.0,56.5,781.5986913653941,1.9466878500002167,57.156
256,57.406,100.0,56.281,869.7326564577764,1.9532398979999925,57.406
256,57.093,100.0,56.25,689.6455110799363,1.9602921229998174,57.093
256,57.375,100.0,56.187,870.4315255449249,1.9663627469999483,57.375
256,57.218,100.0,56.468,891.193651921505,1.9720509919998221,57.218
256,57.312,100.0,56.375,876.8134968234112,1.9783405040002435,57.312
256,57.406,100.0,56.75,900.7974722607129,1.9839291299999786,57.406
256,57.406,100.0,56.75,874.018727768916,1.9896500790000573,57.406
256,57.25,100.0,56.218,907.6656700176079,1.9951772949998485,57.25
256,57.625,83.3,56.312,888.4509326838216,2.000807393999821,57.625
256,57.187,100.0,56.593,892.0731412727542,2.006454357000166,57.187
256,57.562,100.0,56.312,866.5126036133387,2.0122031159999096,57.562
256,57.312,100.0,56.468,634.5727837354633,2.0204628350002167,57.312
256,57.468,100.0,56.281,655.5424251708454,2.0279602890000206,57.468
256,57.187,100.0,56.437,755.3254326753541,2.0379151010001806,57.187
256,57.25,100.0,56.187,677.9102611236677,2.0453069840000353,57.25
256,57.343,100.0,56.812,577.2285925280869,2.057247587999882,57.343
256,57.156,100.0,56.75,701.5840867751494,2.064422152000134,57.156
256,57.187,100.0,56.312,439.99326525829616,2.0765953700001774,57.093
256,57.25,98.9,56.406,14.029762220759471,2.376780141999916,57.25
256,57.281,100.0,56.625,408.22197180036744,2.3884239039998647,57.281
256,57.312,100.0,56.25,436.43595230907243,2.399278009000227,57.312
256,57.375,100.0,56.5,341.29047760494404,2.412760645000162,57.375
256,57.625,100.0,56.531,856.2496899032759,2.419125871000233,57.625
256,57.343,100.0,56.437,570.3239039133884,2.4284088539998265,57.343
256,57.593,100.0,56.25,747.3917135906165,2.4352730400000837,57.375
256,57.562,100.0,56.781,847.8855239492793,2.4465714789998856,57.562
256,57.562,100.0,56.343,848.8354655854341,2.452556310000091,57.562
256,57.312,100.0,56.625,874.4033734699681,2.4584793459998764,57.437
256,57.25,100.0,56.593,878.0411012497663,2.47047604699992,57.25
256,57.468,100.0,56.312,853.0729960815518,2.476427948000037,57.468
256,57.25,100.0,56.25,848.0226672553439,2.4843908570001076,57.25
256,57.406,100.0,56.343,733.8829532572246,2.49170101000027,57.406
256,57.218,100.0,56.25,772.2227632953803,2.4982287050002014,57.218
256,57.437,100.0,56.437,879.8743846689484,2.5039911280000524,57.437
256,57.218,100.0,56.343,685.917406089991,2.51125676699985,57.218
256,57.25,100.0,56.406,581.327489982592,2.519505221000145,57.25
256,57.25,100.0,56.406,635.0771250863428,2.5272240260001126,57.25
256,57.25,100.0,56.718,784.7622711591025,2.5392155429999548,57.25
256,57.281,100.0,56.625,824.9487001084767,2.5458551140000054,57.281
256,57.687,100.0,56.562,801.1823172140221,2.552126194000266,57.687
256,57.156,100.0,56.593,829.2389743295975,2.5612088500001846,57.156
256,57.5,100.0,56.562,643.3503577161127,2.568866886000251,57.5
256,57.281,100.0,56.468,580.2953508729995,2.5772093589998804,57.468
256,57.218,100.0,56.562,795.4254781188318,2.5850838810001733,57.218
256,57.468,66.7,56.468,776.6199889464881,2.591597239999828,57.468
256,57.125,100.0,56.437,866.4152302695879,2.6002253219999147,57.125
256,57.312,100.0,56.343,653.3334413410184,2.608898206000049,57.312
256,57.062,100.0,56.656,818.0797739999367,2.6154145089999474,57.343
256,57.218,100.0,56.343,564.1694182562127,2.63184213500017,57.218
256,57.218,100.0,56.312,659.852564956884,2.639239009999983,57.218
256,57.343,100.0,56.25,665.3257480083914,2.6470704910002496,57.343
256,57.187,100.0,56.25,713.8615083293753,2.6539880549998998,57.187
256,57.312,100.0,56.531,650.883851417355,2.6623392960000274,57.25
256,57.125,100.0,56.406,581.9107682056515,2.675733865999973,57.125
256,57.562,100.0,56.406,484.8348658074517,2.685451519000253,57.562
256,57.218,100.0,56.343,577.6941646565209,2.6937657990001753,57.25
256,57.218,100.0,56.656,513.594764405022,2.7031913460000396,57.218
256,57.375,100.0,56.375,789.6413492409496,2.7095580449999943,57.375
256,57.25,100.0,56.25,826.696946517037,2.7156266209999558,57.25
256,57.312,100.0,56.562,679.7418076359783,2.7251037229998474,57.312
256,57.218,100.0,56.281,883.3135546440263,2.7320408710002084,57.218
256,57.406,100.0,56.343,827.7985962112493,2.740752956000051,57.406
256,57.156,100.0,56.375,870.7553493634357,2.746758107000005,57.156
256,57.25,100.0,56.218,766.1649264802716,2.755024801000218,57.25
256,57.281,100.0,56.781,683.2499423811983,2.762218406000102,57.281
256,57.406,100.0,56.718,623.9899764176391,2.770066111000233,57.406
256,57.156,100.0,56.437,871.3863407984929,2.776009916000021,57.156
256,57.312,100.0,56.343,840.7981671238999,2.7820685410001715,57.312
256,57.218,100.0,56.593,811.414697835046,2.7882951390001836,57.375
256,57.25,100.0,56.562,821.0213203642287,2.800581161000082,57.25
256,57.25,100.0,56.218,487.77958798829604,2.8110010760001387,57.656
256,57.25,100.0,56.343,815.6005254867648,2.8204280640002253,57.25
256,57.562,100.0,56.5,856.7980382484016,2.82640783800025,57.562
256,57.218,100.0,56.343,574.3626597845021,2.8347105660000125,57.218
256,57.437,100.0,56.812,624.1860981422716,2.843095919999996,57.437
256,57.125,92.9,56.375,202.5527523819136,2.866721342999881,57.343
256,57.187,100.0,56.625,560.6916031768487,2.875532631000169,57.187
256,57.187,100.0,56.375,232.64223150002582,2.897485200000119,57.187
256,57.25,100.0,56.781,437.8677407522328,2.9116207219999524,57.25
256,57.125,90.0,56.718,300.8019584926776,2.9267641790002017,57.125
256,56.937,100.0,56.375,708.8886229691783,2.9340369219999047,56.937
256,57.156,80.0,56.625,554.4629112657464,2.942869427000005,57.125
256,57.343,98.6,56.656,17.992264418976376,3.17720688899999,57.281
0,57.687,99.7,56.5,847.019631881031,0.004963037999914377,57.687
0,57.25,100.0,56.343,333.5848691763597,0.01910355099971639,57.25
0,57.468,100.0,56.343,833.7224020464457,0.03106153099997755,57.468
0,57.343,100.0,56.593,295.8474812904704,0.0468579690000297,57.343
0,57.187,100.0,56.562,850.3112615050726,0.0560597969997616,57.406
0,57.125,100.0,56.593,740.2787651956199,0.06512184499979412,57.125
0,57.312,100.0,56.187,770.2985305920754,0.07534725799996522,57.312
0,57.187,100.0,56.218,846.8829836980229,0.08274970100001156,57.187
0,57.375,100.0,56.343,791.9889907098882,0.09072096199997759,57.093
0,57.093,75.0,56.406,871.8442368605657,0.09893360699970799,57.281
0,57.281,100.0,56.375,858.2510953245793,0.10486077199993815,57.281
0,57.156,100.0,56.375,864.6660670819301,0.11137265899969861,57.156
0,57.281,100.0,56.562,845.1299741646158,0.11751336599991191,57.281
0,57.187,100.0,56.562,838.0401910159316,0.12348830800010546,57.187
0,57.25,100.0,56.531,621.722666569015,0.13121648900005312,57.281
0,57.281,100.0,56.531,870.4486864840967,0.13862747699977263,57.281
0,57.593,100.0,56.531,392.0489193675189,0.15051511799993023,57.593
0,57.25,100.0,56.562,840.0383657629304,0.15654993399994055,57.25
0,57.437,100.0,56.468,877.6354356986664,0.16234765399985918,57.437
0,57.125,100.0,56.343,845.8227671718018,0.1705694190000031,57.125
0,57.5,100.0,56.343,695.8220523829815,0.1775655779997578,57.5
0,57.25,83.3,56.312,605.2739582739997,0.18645859599973846,57.25
0,57.375,100.0,56.281,610.077475958477,0.19437699199988856,57.375
0,57.187,100.0,56.562,736.6962114235398,0.2011073819999183,57.187
0,57.375,100.0,56.625,672.3840281821356,0.20840700600001583,57.375
0,57.25,100.0,56.531,687.0283574401049,0.215517600000112,57.25
0,57.312,100.0,56.406,722.7420299760097,0.2223153199997796,57.312
0,57.218,100.0,56.218,797.1235693371398,0.2286284799997702,57.218
0,57.406,100.0,56.25,813.5654238467954,0.23557503699976223,57.406
0,57.218,100.0,56.218,815.7834289002636,0.24169011100002535,57.218
0,57.312,100.0,56.343,720.7667687870664,0.24898455099992134,57.312
0,57.156,100.0,56.343,691.4391888525751,0.2560925849998057,57.156
0,57.312,100.0,56.343,726.5480900160389,0.2629225939999742,57.312
0,57.25,100.0,56.25,668.9113069545444,0.2701861209998242,57.25
0,57.25,100.0,56.312,287.83723291156673,0.2857616549999875,57.25
0,57.25,100.0,56.562,859.1232211992566,0.29179378299977543,57.437
0,57.437,100.0,56.562,763.9500018527277,0.2982851890001257,57.437
0,57.187,100.0,56.25,844.6888149855153,0.30421145799982696,57.187
0,57.5,100.0,56.25,625.2162720505303,0.3118423559999428,57.5
0,57.218,100.0,56.281,875.3554177944019,0.3176389879999988,57.218
0,57.531,100.0,56.468,851.736846679003,0.3235045829997034,57.531
0,57.25,100.0,56.375,846.9431787642941,0.32941283399986787,57.25
0,57.593,100.0,56.718,880.636985685585,0.335135383999841,57.593
0,57.25,100.0,56.687,819.2353615472136,0.3411702959997456,57.25
0,57.25,100.0,56.312,900.6055993979401,0.34679965899977105,57.25
0,57.562,100.0,56.281,855.8637312094221,0.3525864670000374,57.562
0,57.218,100.0,56.593,890.4489605460801,0.3582089809997342,57.218
0,57.468,100.0,56.531,865.3684192706418,0.36395322799990026,57.468
0,57.218,100.0,56.218,879.5848761114788,0.36967638599981,57.218
0,57.406,100.0,56.281,884.702733768413,0.3761400789999243,57.406
0,57.218,100.0,56.25,419.96539392042433,0.38706240999999864,57.218
0,57.312,100.0,56.281,730.8955417843885,0.39379884799973297,57.312
0,57.375,100.0,56.218,675.3984384700321,0.40118173900009424,57.375
0,57.25,100.0,56.187,705.280052726171,0.40820132199996806,57.25
0,57.718,100.0,56.687,675.1167646823637,0.41548737699986305,57.718
0,57.343,100.0,56.343,720.9849514810028,0.4224168450000434,57.343
0,57.25,100.0,56.687,561.6406860934064,0.4309080909997647,57.25
0,57.531,100.0,56.562,505.81512578943716,0.4403943130000698,57.531
0,57.25,100.0,56.562,729.9551425024271,0.4473531260000527,57.25
0,57.375,100.0,56.531,696.7950250383556,0.4545042649997413,57.375
0,57.187,100.0,56.187,753.0556780779349,0.46164362799981973,57.187
0,57.375,100.0,56.375,506.3623304508632,0.4710906159998558,57.125
0,57.125,100.0,56.343,712.263269014505,0.47803362000013294,57.25
0,57.25,100.0,56.218,713.5700329200488,0.484918830999959,57.093
0,57.312,100.0,56.343,607.0540531319832,0.49331209000001763,57.312
0,57.125,100.0,56.312,579.2003968236174,0.5019112109998787,57.125
0,57.312,100.0,56.312,569.6793375360879,0.5104849229996944,57.312
0,57.093,100.0,56.25,588.8307712866082,0.5188607410000259,57.093
0,57.281,100.0,56.187,540.1250748470268,0.527989671999876,57.281
0,57.25,100.0,56.468,549.4308484410855,0.5368708500000139,57.25
0,57.312,100.0,56.437,583.1665343851315,0.5460431090000384,57.218
0,57.625,100.0,56.406,584.146353018873,0.5544834729998911,57.625
0,57.343,100.0,56.375,523.7224452340006,0.5637794169997505,57.343
0,57.687,75.0,56.312,793.1343821298966,0.5701549149998755,57.687
0,57.281,100.0,56.343,679.8300580601363,0.5774615469999844,57.281
0,57.593,100.0,56.281,633.8148506174433,0.5851787199999308,57.593
0,57.25,100.0,56.593,838.0350002604469,0.5912570899999992,57.25
0,57.562,100.0,56.468,754.4949818897207,0.5979486619999079,57.562
0,57.187,100.0,56.437,802.1974868713377,0.6042384940001284,57.187
0,57.343,100.0,56.187,734.1336922198332,0.6109043060000658,57.343
0,57.25,100.0,56.25,842.8583084064084,0.6170213319996947,57.25
0,57.375,100.0,56.187,745.8604986468171,0.6236916879997807,57.375
0,57.218,100.0,56.406,486.6223362638588,0.6334322220000104,57.218
0,57.187,100.0,56.343,556.0272149762011,0.644504925000092,57.187
0,57.375,100.0,56.375,616.4968116141737,0.6524243449998721,57.375
0,57.062,100.0,56.562,443.505426829055,0.6629265990000022,57.062
0,57.25,100.0,56.312,678.6437364107496,0.6703264499997204,57.25
0,57.093,100.0,56.562,458.5837785765807,0.6806494339998608,57.093
0,57.375,100.0,56.531,670.1460394179808,0.6881520399997498,57.375
0,57.125,100.0,56.468,720.1529484741042,0.6951013489997422,57.125
0,57.437,100.0,56.218,697.6703259468032,0.7022448719999375,57.437
0,57.312,100.0,56.437,276.11538680217865,0.718608495999888,57.312
0,57.093,100.0,56.656,697.8114698034911,0.7260086989999763,57.281
0,57.25,100.0,56.687,524.6679907825817,0.7408190569999533,57.25
0,57.218,100.0,56.562,333.0796372630189,0.754660905000037,57.218
0,57.093,100.0,56.312,760.7661742222598,0.761499841999921,57.093
0,57.156,100.0,56.187,773.4715178708827,0.7725687379997908,57.0
0,57.187,100.0,56.375,767.7131384237193,0.7828878499999519,57.187
0,57.031,100.0,56.25,796.8521870826978,0.7924807629997304,57.031
0,57.218,100.0,56.781,721.68350331577,0.7993830939999498,57.218
0,57.218,100.0,56.687,420.83105200004485,0.8104967589997614,57.218
0,57.687,100.0,56.281,831.0002028550475,0.8193663209999613,57.687
0,57.531,100.0,56.562,399.9567841579292,0.8308880949998638,57.531
0,57.187,100.0,56.593,769.7193718977495,0.8374231190000501,57.187
0,57.437,100.0,56.312,449.34563027224686,0.8485727849997602,57.062
0,57.125,94.1,56.75,201.2882473938496,0.8749209180000435,57.0
0,57.281,100.0,56.343,200.57054693902887,0.9033421730000555,57.156
0,57.25,100.0,56.406,247.31273270413917,0.9311056149999786,57.093
0,57.093,100.0,56.625,246.5326149172526,0.9555462959997385,57.062
0,57.437,92.9,56.25,474.3300742986493,0.979094755999995,57.062
0,57.187,100.0,56.531,321.73123964890743,0.9995286529997429,57.343
0,57.25,100.0,56.187,343.99382660419036,1.0186421240000527,57.218
0,57.187,92.9,56.75,322.8669616593,1.039483521999955,57.187
0,57.312,100.0,56.312,898.1986788878753,1.0452926990001288,57.312
0,57.125,100.0,56.593,855.0485796626938,1.0554808950000734,57.125
0,57.281,100.0,56.531,891.6544092659194,1.0612835429997176,57.281
0,57.156,100.0,56.25,805.5996835918976,1.0677174110001033,57.156
0,57.281,100.0,56.5,458.34168392000396,1.0779815129999406,57.281
0,57.156,100.0,56.187,774.3351428302542,1.0845253689999481,57.156
0,57.531,100.0,56.218,638.710318976404,1.0921912769999835,57.531
0,57.156,100.0,56.375,729.20791053556,1.1040298610000718,57.156
0,57.5,100.0,56.312,664.6678423098382,1.111495313999967,57.5
0,57.125,100.0,56.281,663.8834334152215,1.1189272940000592,57.468
0,57.218,100.0,56.281,823.8699911518034,1.1270853139999417,57.218
0,57.062,87.5,56.343,322.8192251796536,1.141191809999782,57.062
0,57.406,100.0,56.531,816.250815702038,1.1475266349998492,57.406
0,57.0,100.0,56.218,392.3129813387578,1.159343809999882,57.0
0,57.281,100.0,56.187,814.4602233038235,1.1656409709999025,57.281
0,57.125,100.0,56.156,646.9386779262637,1.1732918059997246,57.125
0,57.25,100.0,56.062,708.5667177058428,1.1803690219999226,57.25
0,57.125,100.0,56.75,792.0797763465426,1.1874881929998082,57.125
0,57.093,100.0,56.656,440.4546203942232,1.1983964430000924,57.093
0,57.281,100.0,56.281,801.3439592899053,1.2048650649999217,57.343
0,57.156,100.0,56.218,739.1349399886374,1.2161153739998554,57.312
0,57.312,100.0,56.187,740.4167640383363,1.223094731999936,57.25
0,57.156,100.0,56.531,610.7199945697665,1.2345301989998916,57.5
0,57.25,100.0,56.125,863.6748699542254,1.247680152999692,57.25
0,57.468,100.0,56.375,848.6101424744444,1.2537474499999917,57.468
0,57.25,100.0,56.343,865.9918035996885,1.2596857499997896,57.25
0,57.406,100.0,56.281,862.3961072411523,1.2656806289996894,57.406
0,57.218,100.0,56.218,848.7035545448382,1.2753760410000723,57.218
0,57.437,100.0,56.656,859.4950412720726,1.2814932589999444,57.437
0,57.187,100.0,56.562,872.8602789775197,1.2874346319999859,57.187
0,57.343,100.0,56.25,882.4928342761797,1.2932945939996898,57.343
0,57.343,100.0,56.218,883.5755546086522,1.299097083000106,57.156
0,57.156,75.0,56.5,878.8773145995924,1.3048211999998784,57.156
0,57.343,100.0,56.468,871.1430982333011,1.3105877839998357,57.343
0,57.25,100.0,56.125,878.9539320108325,1.316305917000136,57.25
0,57.281,100.0,56.156,704.0677360099648,1.3232509059998847,57.281
0,57.187,100.0,56.093,603.165367642502,1.331391869000072,57.187
0,57.312,100.0,56.125,553.9942813329232,1.3400674399999843,57.125
0,57.125,100.0,56.718,730.862937749534,1.346983211999941,57.218
0,57.25,100.0,56.687,702.2719882914743,1.3540328119997866,57.25
0,57.218,100.0,56.625,698.5069953841154,1.361157293999895,57.218
0,57.125,100.0,56.25,231.87504598464227,1.380478260000018,57.343
0,57.125,100.0,56.187,717.7198765179024,1.389260362999721,57.125
0,57.375,100.0,56.187,709.8099661478489,1.3963563009997415,57.375
0,57.343,100.0,56.375,422.04794133621033,1.4093397209999239,57.343
0,57.062,100.0,56.312,477.3793341765485,1.4194822189997467,57.062
0,57.281,100.0,56.312,733.7843487889324,1.4264608729999964,57.281
0,57.187,100.0,56.562,756.4806612013746,1.4331670379997377,57.312
0,57.187,100.0,56.531,730.7651430955767,1.4444083869998394,57.187
0,57.312,100.0,56.531,681.5976765708285,1.4517532609997943,57.312
0,57.125,100.0,56.25,774.261814077504,1.4582023299999491,57.125
0,57.25,100.0,56.187,751.932446452157,1.4648614849998012,57.25
0,57.25,100.0,56.156,789.13265857118,1.4713017859999127,57.125
0,57.125,100.0,56.375,750.7694202425428,1.4780064149999816,57.218
0,57.25,100.0,56.25,507.6725132162546,1.4873980090001169,57.25
0,57.218,100.0,56.218,653.6885999649893,1.4949821539998993,57.218
0,57.562,100.0,56.718,597.9590175412285,1.5034025820000352,57.562
0,57.218,100.0,56.375,855.2103697498181,1.5093519229999401,57.218
0,57.468,100.0,56.312,772.71913306321,1.5158275200001299,57.468
0,57.187,100.0,56.562,854.3184971504629,1.5217319640000824,57.187
0,57.437,100.0,56.562,848.6266255321459,1.5276873849998083,57.437
0,57.437,100.0,56.218,865.1456553000415,1.533533970999997,57.187
0,57.406,100.0,56.437,578.1094874649052,1.5418405709997387,57.406
0,57.093,100.0,56.25,768.7218497143454,1.548788630999752,57.093
0,57.437,100.0,56.125,844.1284994990425,1.554885400999865,57.437
0,57.437,100.0,56.437,855.5341336746227,1.560820245999821,57.156
0,57.125,100.0,56.375,842.9396162238136,1.5668381010000303,57.125
0,57.281,100.0,56.187,855.4280460364994,1.5727826739998818,57.281
0,57.156,100.0,56.687,730.3944488732566,1.5796824449998894,57.156
0,57.281,100.0,56.656,701.5390256111044,1.5868437919998541,57.125
0,57.25,100.0,56.656,744.9956669453959,1.5957370989999617,57.25
0,57.125,100.0,56.531,658.248579919839,1.6041074449999542,57.125
0,57.062,88.9,56.468,154.21523444945356,1.6324137520000477,57.062
0,57.437,100.0,56.093,310.9498071883138,1.6475331769997865,57.437
0,57.375,100.0,56.687,324.00349688038824,1.6619728989999203,57.375
0,57.125,100.0,56.562,708.2910314609815,1.6695096829998874,57.125
0,57.312,100.0,56.5,757.6043951635951,1.6765683069997976,57.156
0,57.343,100.0,56.281,544.082468338272,1.6876738759997352,56.937
0,57.187,100.0,56.437,670.1974382290321,1.700546253000084,57.187
0,56.968,100.0,56.406,544.2948499058231,1.7095116899999994,56.968
0,57.25,100.0,56.468,706.5728411247316,1.7166199150001376,57.25
0,57.031,100.0,56.343,792.5301229816025,1.7243513610001173,57.031
0,57.25,100.0,56.156,792.9712373630371,1.730829934999747,57.25
0,57.093,100.0,56.25,771.9272931895482,1.7391242139997303,57.093
0,56.937,87.5,56.593,450.76583799818627,1.7511565969998628,56.937
0,57.125,100.0,56.312,813.8331518210467,1.757450876999883,57.125
0,57.25,80.0,56.281,863.4814183226488,1.7634759960001247,57.25
0,57.125,100.0,56.25,616.7607965109373,1.7729935779998414,57.125
0,57.5,100.0,56.281,842.5061556841739,1.7793162109996956,57.5
0,57.156,100.0,56.437,866.6214585054853,1.7852656479999496,57.156
0,57.468,100.0,56.406,797.0557063938309,1.7927772150001147,57.468
0,57.125,100.0,56.375,786.0187997295827,1.7992366200001015,57.125
0,57.406,100.0,56.218,867.8553257182465,1.805121606999819,57.406
0,57.156,100.0,56.718,856.7084355243176,1.81115655099984,57.156
0,57.531,100.0,56.343,844.6724845413198,1.8171487409999827,57.531
0,57.531,100.0,56.375,852.9950993971368,1.8232681679996858,57.156
0,57.156,100.0,56.593,831.7912398959895,1.8293409039997641,57.156
0,57.343,100.0,56.687,854.8812750726858,1.8353784400001132,57.343
0,57.187,100.0,56.562,812.8540232386827,1.841523147999851,57.187
0,57.312,100.0,56.375,831.089778138761,1.84778260999974,57.312
0,57.093,100.0,56.343,795.9183014659468,1.8542881610001132,57.093
0,57.281,100.0,56.218,737.7452838358563,1.8609931099999812,57.281
0,57.062,100.0,56.187,537.0708226615504,1.8702046989997143,57.062
0,57.031,100.0,56.218,611.3181565340982,1.8784433279997756,57.031
0,57.218,100.0,56.781,620.451186524156,1.888215702999787,57.218
0,57.062,100.0,56.625,333.82278256375463,1.9020605589998922,57.062
0,57.562,100.0,56.343,474.89209838208814,1.9122770429999036,57.125
0,57.343,100.0,56.312,469.0761011185279,1.9226007629999913,57.343
0,57.187,100.0,56.5,464.0850845036923,1.9328807699998833,57.187
0,57.156,100.0,56.312,487.11243166229593,1.942859326999951,57.156
0,57.375,100.0,56.437,643.7579725227238,1.9507239290001053,57.375
0,57.187,100.0,56.156,534.068326486429,1.9596767250000084,57.187
0,57.093,100.0,56.75,482.4985585864949,1.9696809150000263,57.093
0,57.281,100.0,56.343,483.83972475494966,1.979740915000093,57.281
0,57.187,100.0,56.375,462.16713348430136,1.9901935349998894,57.187
0,57.0,100.0,56.531,480.58074329938825,2.00029251199976,57.0
0,57.062,100.0,56.531,492.5936617590171,2.0101008229999024,57.062
0,57.187,100.0,56.25,521.3144225519393,2.0195046099997853,57.187
0,57.031,100.0,56.218,494.35871976803173,2.0293608269998913,57.031
0,57.187,100.0,56.406,492.3808009000723,2.039260309999918,57.187
0,57.218,100.0,56.468,492.7918264106905,2.049139214999741,57.218
0,57.5,100.0,56.312,685.0497343741479,2.0565850519997184,57.5
0,57.093,100.0,56.281,771.3549041988342,2.063078793999921,57.093
0,57.406,100.0,56.593,862.2374364252282,2.0689683890000197,57.406
0,57.062,100.0,56.5,802.4381331095158,2.075430451000102,57.062
0,57.343,100.0,56.281,821.6696629440652,2.0815660379998917,57.343
0,57.187,100.0,56.312,769.0013351088727,2.088118694000059,57.187
0,57.25,100.0,56.281,725.6311400233147,2.095002911999927,57.25
0,57.125,83.3,56.218,770.4117215888541,2.101547184000083,57.125
0,57.343,100.0,56.5,827.4798082153523,2.1078061029998025,57.343
0,57.093,100.0,56.468,803.7174507570658,2.1140496620000704,57.093
0,57.25,100.0,56.343,790.3460405338967,2.123681296000086,57.25
0,57.25,100.0,56.625,434.2050518670657,2.134509896000054,57.25
0,57.062,100.0,56.562,758.8194609716417,2.141206523999699,57.062
0,57.25,100.0,56.281,756.1010080652344,2.1479716670000926,57.25
0,57.062,100.0,56.562,399.02649918640003,2.159790506999798,57.062
0,57.218,100.0,56.5,847.167617324872,2.165910156999871,57.218
0,57.125,100.0,56.218,420.75810218553517,2.176926314999946,57.125
0,57.437,100.0,56.156,629.3984923451126,2.184828837999703,57.437
0,57.312,100.0,56.375,309.25718695859274,2.199590490999981,57.312
0,57.281,100.0,56.406,458.1894221466815,2.2099636849998205,57.281
0,57.25,100.0,56.312,454.09545684156694,2.2236095580001347,57.25
0,57.25,99.4,56.125,15.517516717247936,2.495086854999954,57.25
